"gene","module"
"CBLN1",2
"RGS4",1
"ENC1",1
"CAMK2A",2
"LDB2",2
"SERPINA3",3
"LY6H",2
"CACNG3",1
"CAMKV",2
"CHGA",1
"AK5",1
"ZIC2",1
"PVALB",2
"NECAB1",2
"NCALD",2
"SCN3B",1
"VIP",1
"VGF",1
"MEF2C",2
"RPS4Y1",0
"KCNF1",1
"KIAA1211L",1
"EPHB6",2
"PARM1",1
"MT1G",2
"RELN",2
"RTN1",3
"GPRC5C",1
"KCNH3",2
"DLGAP2",2
"GSTT1",0
"RPRM",2
"UBASH3B",2
"SERPINI1",1
"PRKAR1A",0
"HPCA",2
"LMO3",2
"FHL2",1
"BHLHE22",2
"MYT1",1
"C1orf115",2
"DGKB",2
"STXBP6",2
"NEFM",1
"MKL2",2
"MATK",2
"CA8",2
"NECTIN3",2
"DIO2",2
"TSPAN9",2
"ZNF521",2
"CHGB",2
"C8orf46",1
"HBB",3
"NEFL",2
"C1QB",2
"C11orf87",1
"NELL1",1
"CD44",3
"TOX2",2
"RASD2",2
"GRIN2C",1
"BAG3",1
"LINGO1",1
"PTPRT",1
"PDE8B",2
"EOMES",2
"GJB6",2
"HBA2",3
"MFF",0
"CX3CL1",1
"FCGBP",2
"TLE2",1
"SLITRK1",1
"PLCB1",2
"ZFP36",4
"TIAM1",2
"NRSN1",1
"CUX2",1
"OPALIN",2
"CYP46A1",1
"CDKN1A",2
"PPP1R3C",2
"EFNB3",1
"MYBPC1",2
"MMD",1
"FSTL5",2
"CCZ1B",0
"PLPPR4",1
"CHD7",1
"SOGA1",1
"SLC32A1",3
"C1QC",2
"APOC1",2
"C10orf10",3
"PNMA2",1
"PRICKLE2",2
"CX3CR1",1
"DUSP5",2
"APLNR",3
"BHLHE40",2
"HSPB8",2
"PCP4",4
"LPL",2
"CTNNA2",2
"CHN1",1
"PGM2L1",1
"PDE7B",2
"CABP1",1
"SIPA1L2",2
"SLC1A2",2
"SYTL2",2
"SLN",2
"KCNB1",2
"IFITM3",4
"EGR1",1
"NQO1",2
"ADM",4
"SCN1B",4
"INF2",2
"ALG11",0
"CHN2",2
"EZR",2
"AP1S1",3
"PRKCB",1
"S100A1",2
"GAD2",3
"NTRK2",2
"MYO5C",2
"KIT",2
"GAD1",3
"RAB37",2
"JMJD7-PLA2G4B",1
"IFITM2",4
"YBX3",4
"GPC5",2
"TMEM51",1
"MAG",2
"ITM2C",2
"SCG2",1
"NLK",1
"MT1M",2
"MT2A",2
"CEBPD",2
"GNG2",1
"SPP1",2
"TMEM266",2
"IFI44L",0
"APOLD1",4
"CLEC4GP1",2
"LRFN5",1
"CTGF",2
"PAXIP1",2
"LIMA1",1
"BTG1",1
"MAP1B",3
"ISG15",2
"KCNIP3",2
"TIMP1",1
"SLC35F1",1
"ST18",2
"GPR83",2
"SMYD2",1
"TMIGD3",2
"NUDT14",1
"MT1H",2
"ARHGAP32",1
"FAM46A",1
"MOBP",2
"PAMR1",2
"MARCH4",2
"FOS",0
"LRRC4C",1
"SFRP1",2
"ALCAM",2
"F3",2
"ETNPPL",2
"KLK6",2
"SLC16A9",1
"GFRA2",2
"UCHL1",1
"CACNA2D3",1
"CSF1R",2
"NOV",1
"GFAP",4
"GPR37",2
"CBLB",1
"GLDN",2
"AQP4",2
"ERMN",2
"LPAR1",2
"DCLK1",1
"ADRA1B",1
"BEX5",3
"HSPA2",2
"ANGPTL4",4
"HIST3H2A",2
"CDR2L",1
"ENPP2",2
"LAMA5",1
"POLB",2
"CALB2",2
"VIM",2
"BCAS1",2
"NELL2",1
"DUSP6",2
"NGB",2
"BTBD17",1
"ZCCHC12",4
"E2F3",2
"CLDN10",2
"RARRES3",2
"ACTN1",2
"PLLP",2
"CERCAM",2
"ADIRF",2
"HSPH1",1
"ALDH1A1",1
"PDP1",1
"NKX6-2",2
"LMO4",2
"OLR1",1
"ITPKA",2
"MAL2",3
"GJA1",4
"PLCXD3",2
"ELMOD1",3
"NSMF",2
"HAPLN4",1
"CSDC2",2
"HOPX",1
"DDIT4",3
"CADPS2",2
"PRDM8",1
"KIAA1024",2
"MX1",2
"SPHKAP",2
"FBXO32",2
"KCNJ16",1
"CACNA1A",1
"SEL1L3",2
"MOG",2
"CHD5",2
"NTSR2",2
"SLC39A10",1
"TM4SF1",4
"CEBPB",2
"CNTNAP2",1
"TYROBP",2
"CSRNP3",2
"ABLIM1",2
"PID1",1
"VAMP1",1
"ERC2",1
"SLC25A18",2
"TYMP",2
"EFHD1",2
"MT1X",4
"ACSBG1",4
"GLRB",3
"CYP26B1",2
"CNDP1",2
"PLCB4",2
"RASD1",2
"ETS2",1
"ALPL",2
"ENSA",3
"KIF21B",1
"ITGB2",0
"KCNK4",1
"ADGRV1",2
"TYMSOS",2
"ARHGEF4",2
"PHACTR1",2
"IFITM1",4
"SORT1",2
"PPP1R14A",2
"RHBDL3",2
"ARID5B",2
"SHC3",2
"TIMM10",1
"MAL",2
"ZNF365",1
"SDC4",4
"ADCYAP1",1
"KHDRBS3",1
"ANK1",2
"HLA-DRA",0
"CD24",1
"SNCA",3
"ZBTB16",2
"PRICKLE1",2
"NINJ2",2
"TESC",1
"NDN",1
"TMEM145",1
"S1PR5",2
"ECHDC2",1
"CD14",0
"MGP",1
"MBP",2
"C2orf40",2
"TOMM34",2
"RPRML",1
"NBPF9",1
"MDK",1
"ABR",2
"KDM5D",0
"NAGPA",2
"CRIP2",2
"KCND2",2
"STX1A",1
"CNP",2
"CA2",2
"FBXL2",1
"ATP6V1G2",4
"KLK7",1
"EPHA4",1
"AIF1",1
"PAX6",1
"FSCN1",2
"ANXA1",2
"SNX10",1
"CHST15",2
"GRAMD3",2
"ALOX5AP",0
"HSPB1",4
"NNAT",1
"IGFBP7",2
"INSM1",2
"SH3KBP1",1
"CMTM7",2
"C1orf216",1
"CGN",1
"THY1",1
"FAM181B",1
"RGS11",1
"PDLIM3",1
"CEP41",3
"PTCHD1",1
"IGF2BP2",1
"TUSC3",3
"CHURC1",3
"GABRA1",3
"LCP1",0
"VSTM2L",1
"C9orf24",1
"CDH12",1
"CA4",2
"NCAM2",1
"ALS2",2
"RNASE1",2
"SLITRK5",1
"TSPAN13",1
"CAPN3",2
"MT1A",2
"OSBPL1A",2
"NLGN4Y",0
"OLIG2",2
"HES4",2
"SRGN",4
"TMEM144",2
"KLF11",2
"YJEFN3",1
"SOX10",2
"WLS",2
"MYO10",2
"MYH11",0
"USP3",1
"VWF",4
"DAAM2",2
"EHD1",1
"TMEM125",2
"ITPR1",4
"ANLN",2
"ADGRL2",2
"KCNG1",1
"EFEMP1",4
"FABP7",2
"LAMP5",1
"HOMER1",1
"TF",0
"CAP2",1
"RFTN1",2
"FAM107B",1
"RASGRP3",2
"ERBB3",2
"NR4A2",2
"TGM2",4
"AKR1C3",4
"HSPA1A",3
"ALDH4A1",2
"ST6GAL1",1
"TMEM47",2
"NBL1",2
"RAPGEF4",2
"DACT3",2
"SCN1A",2
"ADAM23",1
"ERICH3",1
"CD74",2
"PAG1",1
"FOXN3",1
"ACKR1",1
"CALY",1
"CACNA1I",2
"GLCE",2
"VPS13C",3
"COL9A2",2
"CFLAR",1
"PISD",2
"MT1E",2
"MAP7D2",3
"TP53TG3",0
"APP",1
"NSG1",4
"TMEM130",1
"HPRT1",3
"H3F3B",1
"CLIC1",2
"PLP1",2
"C1orf198",2
"MARCH6",3
"HS3ST1",2
"MSX1",2
"EDN1",4
"PDE1B",2
"SYT1",1
"DOCK10",2
"PLPPR1",2
"FBXL16",1
"SOX21",2
"ARHGDIB",2
"FKBP1A",1
"PAGR1",1
"OPRL1",1
"CD47",0
"RORA",2
"NFIA",1
"COL7A1",1
"RASSF5",1
"ID3",2
"SLC31A2",2
"ARNT2",2
"NPM2",1
"C1orf64",2
"DMTN",2
"NEFH",3
"MAOA",2
"COL6A1",1
"C2CD2",2
"KCNK1",2
"CACNA1G",2
"BAIAP2L2",2
"ABLIM2",1
"CNTN3",1
"BRICD5",1
"MYO1B",2
"PILRA",1
"LYN",1
"PSAT1",2
"DYSF",2
"CSPG5",2
"GADD45B",4
"FHOD3",1
"ELAVL4",1
"ALDH1L1",3
"MT1F",4
"SOD2",2
"KCTD8",2
"OCIAD2",1
"TMEM14A",3
"MERTK",2
"TLN2",1
"RGS10",1
"CPNE8",2
"S100A10",2
"C2orf82",2
"LY96",2
"ANXA2",3
"PKD1",1
"PMP2",2
"AMPH",3
"NXPH1",1
"NCAN",2
"GRM2",2
"RNASET2",2
"PTPRN2",1
"DNAJB1",3
"SLC7A2",4
"ARHGDIG",1
"RTKN",2
"GADD45A",1
"HSPA12A",2
"CGNL1",2
"FDX1L",1
"CYBA",2
"FARP1",2
"GOLGA8B",1
"FRMPD4",1
"SNCAIP",1
"THBS2",2
"GLRA2",2
"PPP1R14C",1
"MRAP2",3
"PDGFRA",2
"COX7A1",1
"ATP1B1",3
"SLC7A10",2
"HAVCR2",2
"PSRC1",2
"ASAP1",1
"TMEM158",1
"CBS",1
"WFDC1",1
"ACKR3",2
"AFF2",2
"CLIC4",2
"TUBA1C",1
"TMEM35A",3
"HLA-DMB",0
"PAQR6",4
"RHOBTB3",2
"FGFRL1",3
"EFHD2",2
"KLHL3",2
"HERC5",2
"INPP5A",2
"DAB2",1
"TOMM20",3
"ADGRG1",2
"TPGS2",3
"VAT1L",2
"GNB5",4
"PTPRK",1
"BCL6",1
"SLC45A3",2
"ACTA2",0
"HENMT1",1
"GRM8",1
"PLEKHH1",3
"XAF1",2
"SLC5A11",0
"GPIHBP1",2
"MAP2K1",3
"CDC42EP4",1
"DTNA",0
"PLXNA1",2
"CHMP5",3
"RN7SK",3
"PRRG1",2
"TTYH2",2
"SHROOM2",1
"TCEAL6",3
"IFI44",2
"CRYM",3
"MGST1",4
"STOM",4
"MMP24",2
"SEPT4",1
"TXNIP",4
"DPCD",1
"AMT",1
"ZNF493",1
"RHPN2",3
"TP53BP2",2
"ITPKB",4
"HLA-DPA1",0
"CADM1",1
"HSD11B1L",2
"CYBRD1",4
"NME5",1
"CORO6",2
"RYR3",2
"UNC13C",1
"GJC2",2
"HSPA1B",0
"NDRG2",3
"MUTYH",1
"SOX9",4
"MAOB",2
"TP53INP2",2
"MC1R",1
"TPST2",2
"PCSK2",1
"CANX",2
"PMEPA1",2
"PELI2",1
"HLF",1
"SORBS2",1
"GOLGA8A",1
"ARRDC2",2
"SUSD6",2
"PLA2G16",2
"FAM3C",3
"APOE",3
"RIT2",2
"NEUROD2",1
"PGAM1",3
"HLA-A",3
"RFX7",2
"CKMT1B",2
"UBE2T",1
"NTNG1",1
"NSF",3
"C1QTNF4",3
"AGT",3
"AP1G2",1
"SNCG",1
"ANOS1",2
"NPIPA1",1
"ARMC10",1
"COL4A1",3
"AMOT",2
"TMEM54",2
"MBOAT7",2
"DCLRE1C",1
"GLRX2",1
"DPYSL3",2
"SLC1A3",1
"TRIM37",3
"PPP4R4",1
"LRP4",2
"ATG7",2
"JAM3",2
"LMCD1",2
"NREP",2
"TMEM74B",2
"RERG",2
"TARBP2",2
"PLA2G2D",3
"DHRS3",2
"ZCCHC24",4
"CXADR",1
"RHBDD2",2
"KLHL2",2
"EPHX4",1
"HSD17B6",0
"CYB5R2",2
"CUX1",1
"TMEM91",2
"RUNX1T1",2
"CDK5R1",3
"PALLD",4
"NDRG1",2
"PLAC9",2
"EPHB1",1
"SBK1",2
"LITAF",2
"PODXL",2
"STARD13",2
"TMSB10",1
"SCG3",1
"DENR",3
"RANGAP1",2
"NBPF10",1
"ID2",1
"IRF9",2
"DDIT4L",3
"SPON1",4
"NIM1K",2
"BST2",2
"DDA1",2
"METTL7A",3
"GALNT13",2
"B4GAT1",3
"FAAP100",1
"TMEM151A",2
"ZNF503",2
"ATP1A2",4
"SALL2",1
"POLE4",1
"SLC2A5",2
"RAB6B",1
"GSTM5",3
"SNTA1",2
"FNBP1",1
"IDS",2
"CTSH",4
"GABRD",2
"SYNGR3",1
"PMP22",2
"NPEPL1",1
"NCKAP1",3
"CDC42SE2",1
"PLIN3",4
"STOML1",2
"FOXN2",1
"FTH1P3",2
"LGI3",2
"TSPYL4",3
"IMPA1",1
"ZNF669",1
"ANGPTL2",1
"PTPRN",1
"C1orf162",1
"GABRA2",1
"CALN1",1
"YWHAE",4
"FAM189A2",4
"CMIP",2
"FGF9",2
"ATP1A1",4
"MRPS30",1
"ZNF219",2
"SLC13A5",2
"RASSF2",3
"RALB",1
"HMGCS1",2
"HEBP2",1
"NUBPL",3
"SNAPC1",3
"LRRC3B",2
"FBXO34",1
"GADD45G",1
"NCS1",2
"BBOX1",4
"SASH1",2
"TAP1",4
"REEP1",1
"EML1",1
"TMBIM1",4
"MAF",2
"PRPS2",1
"SMAD3",2
"TMEM178A",2
"TSC22D1",1
"TENM3",2
"MAPK9",4
"CACNA2D2",2
"ZNF536",1
"PLEKHB1",4
"CAMK2N1",1
"FGF14",2
"SLC9A3R1",1
"NRXN3",2
"EID2",3
"PDE9A",1
"LAMP2",2
"HSPB2",2
"CLDN5",4
"LUZP1",2
"PLTP",3
"CDK18",2
"ZEB2",2
"LCOR",1
"MXD4",1
"GAB2",2
"ZFP36L1",4
"CPVL",2
"TPPP",1
"SELENBP1",2
"YEATS4",4
"TRIL",3
"TBC1D9",2
"APOD",2
"SPN",3
"DYNC1I1",3
"TRIM32",2
"GPAM",4
"SHMT1",1
"IGSF3",1
"AIF1L",4
"RGS20",2
"SRGAP2",2
"TMEM160",1
"BTBD10",3
"YAP1",4
"MCTS1",1
"CPNE6",1
"ATP6V1H",1
"ALDH1A3",1
"LHFP",2
"NBPF11",1
"TMEM74",1
"CABP7",2
"APBB1IP",2
"PNPLA7",2
"CAMK1",1
"TMEFF2",1
"ZBTB20",1
"MAN2B2",2
"R3HDM1",2
"CNTN2",0
"C3orf14",3
"PRODH",4
"IGSF11",2
"DLL3",1
"CSRNP1",4
"SCRG1",2
"ATP2B4",2
"RAPGEF6",1
"CD9",2
"SHTN1",2
"PPM1M",2
"RPS6KA5",2
"CDK5R2",1
"RHOG",2
"JARID2",2
"THNSL2",2
"CHST7",4
"OMG",1
"PTPRF",2
"APLP1",2
"CACNA1E",2
"SORBS3",1
"PLS3",2
"AJAP1",2
"ADORA2B",4
"MAP3K6",1
"TMEM25",3
"GOLIM4",2
"ZNF786",3
"SOWAHA",1
"FGFR3",4
"MAP4",4
"SOX8",2
"TPP1",2
"ACBD7",4
"ASPA",2
"DGKD",1
"NCEH1",1
"MID1IP1",2
"CXCL16",4
"GPR37L1",3
"B3GAT1",2
"ZNF577",3
"NPAS2",2
"TNFRSF1A",4
"ATR",2
"CRYAB",4
"MTSS1",1
"SGK1",4
"PAK6",2
"CMTM5",2
"BGN",2
"C17orf97",1
"RASGRP1",4
"ALDOA",1
"SVOP",3
"COX19",3
"TRIB1",0
"PDPN",1
"MEGF10",3
"ARHGEF10",2
"TMEM163",2
"PCDH9",2
"RAB33B",1
"EXOG",4
"CALD1",3
"CARHSP1",2
"KCNMA1",2
"DCAF6",1
"PAK5",2
"CYB561",1
"ANKRD20A1",3
"KLF2",2
"TUBB3",1
"ACOT4",1
"CCDC14",2
"ETS1",2
"PPM1D",2
"GPATCH4",1
"SOX2",4
"ADARB1",2
"ZDHHC11",1
"LHPP",4
"PLSCR4",3
"MEG3",1
"TAGLN3",3
"THOC3",4
"TMEM98",4
"NRDE2",1
"TAGLN2",4
"ATP1B2",3
"SAT1",2
"TNS3",3
"EPAS1",2
"SSPN",1
"SPTBN1",2
"HIPK2",4
"ARHGDIA",2
"PAK1",3
"MAP4K4",2
"EPHX1",4
"HTRA1",2
"ESRRG",2
"MOCS2",3
"CELSR2",1
"PCDHB9",3
"CCNG2",2
"SLCO2B1",2
"CITED2",4
"RTN4",3
"PTPRR",2
"TSC22D4",4
"GPT2",2
"ENHO",4
"RNF175",1
"GABRG2",3
"VWC2",2
"SLC4A5",3
"ACOT7",1
"AACS",1
"MGAT4C",2
"NKAIN2",1
"PTTG1",1
"ABCA1",4
"DYNC2LI1",1
"CCKBR",1
"CECR6",1
"STEAP2",3
"BCAT1",1
"NDE1",4
"GIT1",2
"WDR11",0
"AHNAK",3
"FGF2",4
"GATS",3
"CKMT1A",2
"SWAP70",2
"MAP6D1",1
"IFI27",2
"RFTN2",4
"TNFSF14",3
"PHKA2",1
"CDH18",2
"PITPNC1",4
"RHOQ",2
"ME1",1
"PSMG1",3
"RGS12",1
"DOK6",1
"ARHGEF6",2
"RASSF7",2
"HIST1H2BK",1
"ATCAY",1
"RXRA",2
"VAMP8",2
"SKAP2",1
"CDK14",1
"CRY1",1
"AXL",4
"ZHX2",3
"IDH2",2
"CDC25B",1
"MTUS1",2
"SHROOM3",2
"SCN2B",4
"GUCY1B3",2
"CHCHD6",1
"SLC5A8",1
"HACD4",3
"BAZ2B",1
"LDOC1",1
"MSN",4
"VWA1",4
"FAT1",1
"MCF2",1
"NES",1
"TIAM2",1
"ECE2",1
"TSPOAP1",2
"STXBP1",3
"TGFBR3",4
"EFNA1",3
"TSPO",4
"S100A13",2
"SCARA3",4
"PDZD2",2
"STMN1",1
"TRABD",1
"SPA17",1
"ATP5C1",3
"MAP2K4",1
"CRYZ",1
"SYNM",2
"WAS",2
"DNAJC12",2
"BZW2",1
"KIAA0895",2
"RAN",3
"TCTEX1D2",3
"SLC8A3",1
"UCKL1",1
"FNDC5",2
"ARPC3",3
"COPS4",3
"TBC1D7",1
"MLLT11",3
"TSPYL1",0
"MOB3C",1
"IL18BP",2
"CMAS",1
"STRIP2",1
"CSRP1",4
"PNP",3
"MAPK10",1
"NUDT11",1
"PPFIA2",2
"FERMT2",4
"SP110",2
"SACS",1
"OSTF1",1
"ING3",2
"SGK3",2
"IFIT1",3
"CELSR3",1
"PLCH2",1
"IGFBP6",1
"ALDH7A1",2
"SUCLA2",3
"ISOC1",1
"MNS1",2
"RAB31",4
"NMRAL1",2
"MAPKBP1",1
"PHYHIPL",1
"GLIPR2",1
"LMO7",1
"FAM222A",1
"G3BP2",3
"CDK5",1
"LARGE1",1
"PNMA3",2
"RPS26",0
"NUP85",2
"UNC5A",2
"AMD1",3
"S100A16",4
"MOAP1",3
"TMEM123",2
"HES6",2
"PLXNB1",3
"N4BP2",1
"CYP4F11",4
"RIN2",2
"IL17RD",3
"C14orf2",1
"PJA1",3
"HSDL2",4
"SFXN5",4
"FAM174A",1
"OLFM1",1
"SPATA2L",1
"RAX2",3
"HLA-H",3
"CLEC4G",2
"HCST",0
"GABRB3",1
"AUH",3
"NFKBIZ",3
"RPL6",3
"GCHFR",2
"SLC48A1",2
"ZDHHC23",2
"SLC6A17",1
"DTWD2",3
"GIMAP4",2
"PROX1",1
"LARP6",1
"KCNIP4",3
"FZD4",2
"DBN1",2
"TDRD6",2
"IFIT2",2
"GPX3",0
"PDE5A",1
"PON2",4
"CREB5",3
"LEP",3
"NPC1",2
"RAP2A",1
"SPARC",1
"SUCLG2",4
"ASS1",1
"PIK3R2",2
"PDE4DIP",2
"TNFAIP8L1",1
"EIF2AK4",3
"ZNF223",3
"NBPF3",1
"CHD1",1
"GFOD2",2
"FEM1C",1
"MAP1A",2
"RGS5",2
"TGFB3",4
"IGFBP5",0
"HLA-E",4
"ZBTB46",1
"RNF144A",1
"PRKCG",1
"CLK4",2
"EIF1AY",0
"SNCB",3
"TOLLIP",2
"JUP",1
"BCHE",0
"DUSP1",1
"ZC3HAV1",2
"PRKCA",2
"PDCD4",3
"DGKG",1
"GLUD1",2
"NIT2",1
"DUSP8",3
"SLC1A1",1
"SEZ6",1
"PRR5L",2
"ANKRD37",0
"TUBB2A",1
"PTGR2",1
"RASL11B",3
"KYAT3",1
"IL1RAPL1",2
"TIMP2",2
"TDRD9",1
"ZNF462",1
"MAP2",1
"CNTFR",1
"RTN3",1
"ZNF600",1
"PHGDH",4
"RPS6KA1",1
"ARAP3",1
"CORO1A",1
"CAMKK2",2
"CYP2J2",4
"BCL2",2
"PALM",2
"ALDH6A1",4
"TNFSF15",3
"SLC4A4",3
"TMCO3",2
"CYB5D2",1
"RCAN2",1
"NR1D2",1
"STAMBPL1",1
"FAM216A",3
"DPYSL4",2
"RIMS3",2
"NT5C",1
"PREPL",3
"TOB2",1
"PTRH2",1
"INA",3
"SH3BGRL3",2
"CIB1",2
"ARHGAP9",2
"CD99",3
"CNKSR3",2
"CPLX3",0
"ABCC8",1
"SYT13",1
"GSTM2",4
"SMG1",2
"NMNAT2",4
"CCND2",1
"ACER3",2
"RPP40",1
"LMOD3",1
"IER5",1
"LGMN",1
"GABRG1",2
"STK36",3
"VAMP5",4
"TFRC",2
"CIRBP",4
"TPM2",3
"KIAA0355",1
"KIF13B",2
"FLNC",4
"CNTN1",3
"RIPPLY2",4
"CHD9",1
"PLCXD1",0
"UGP2",1
"PIANP",2
"FRRS1L",3
"IFI6",2
"STAC2",1
"PLEKHA1",2
"ANKS1B",2
"AZIN1",3
"PAQR8",4
"GABRB1",2
"PEG3",2
"PCBP4",1
"MCU",1
"S1PR1",3
"ZNF337",1
"ICAM2",4
"CLDND1",2
"TPPP3",2
"AHDC1",3
"VANGL2",1
"LIX1",2
"MYL12A",3
"RGS2",2
"HLA-DMA",0
"ACOT13",1
"GSTTP2",3
"VCAN",1
"HEPH",4
"GNAQ",3
"ARMCX3",3
"PFN2",1
"LAPTM4B",1
"MYOM2",2
"FBLN7",1
"TFPT",2
"GSTM3",2
"RBP1",1
"GPRASP2",3
"LGALS3",3
"SGSM2",2
"CD79B",4
"RAB33A",3
"KIF1C",4
"CHMP3",3
"SYP",1
"RALGDS",1
"PRDM10",2
"PNMA1",3
"THBS4",2
"NDFIP2",1
"SAMD4B",2
"UCHL5",3
"STXBP5",1
"BEX4",3
"METTL9",1
"SRGAP1",3
"CCDC34",1
"A2M",2
"ADAMTS1",4
"VAV3",1
"LIME1",1
"RGS7",3
"SNPH",2
"LFNG",1
"PRKCE",1
"SMAD5",1
"CCND1",2
"EML3",3
"ENTPD3",1
"IFNGR2",2
"SERTAD1",2
"LGALS1",2
"KITLG",1
"CPEB4",0
"PRRX1",3
"LEPROT",4
"MSMO1",1
"ZNF83",1
"GABBR2",1
"ABLIM3",1
"SYN2",3
"LIPA",1
"SEMA4B",3
"PARP3",2
"KATNB1",1
"WSB2",1
"SLC15A3",2
"BIRC3",3
"SH3BP4",2
"HIST1H1C",4
"CHST12",1
"HAUS2",3
"PCSK1N",1
"MBD4",1
"KCNN3",4
"VAMP3",4
"HIST2H2BE",1
"NPC2",4
"GGH",2
"TDRD1",3
"RRAGD",1
"PHIP",1
"GGCT",1
"SIN3B",2
"RAPGEFL1",2
"SPARCL1",2
"AEBP1",4
"CA10",2
"PRSS3",4
"RTCA",3
"AKR1C2",3
"SH2B3",2
"SAMD14",1
"MFGE8",2
"UROS",1
"ART3",2
"VPS29",3
"SPRY4",2
"LHFPL2",2
"LDLR",3
"NAP1L5",3
"TAOK1",2
"SNAP25",3
"CSMD3",1
"PHLDB1",3
"PAN3",2
"SPSB3",1
"LZTFL1",1
"MDH1",3
"ZNF671",2
"KCTD2",2
"BEST1",2
"C9orf16",1
"TUBA4A",1
"TTC9B",1
"LRIG1",4
"ALDH2",2
"ZBTB40",3
"TJP1",2
"ASCL1",2
"MSI2",4
"KANK1",3
"GLRX",4
"SLC36A1",2
"CTPS2",1
"MORN4",1
"DUSP14",1
"OXCT1",3
"TCF12",3
"CNRIP1",3
"KIF3C",1
"ACACB",3
"BCAP29",1
"PEX6",3
"CYP4V2",3
"ARF3",1
"TSPYL5",1
"STAT1",2
"PLD3",1
"TIPARP",3
"BLZF1",1
"MN1",2
"RPL17",2
"UVSSA",3
"WWC1",2
"ANKRD29",1
"DDX17",1
"LRP11",1
"TTLL7",1
"ACP1",3
"KAT6A",1
"SLC9A6",1
"MYOT",2
"RAB40B",2
"PTGR1",3
"HINT1",3
"PPP2R2C",1
"SYNPR",4
"CD200",3
"RAI14",3
"TBC1D16",2
"CD34",2
"SMOX",4
"ZCWPW1",2
"SOCS5",2
"MARCH2",2
"TM7SF2",2
"ANXA6",1
"EDEM2",2
"ARL4A",1
"TMEM126A",3
"PIEZO1",3
"MAPKAPK3",4
"PPM1E",3
"TAGLN",3
"HIST2H2AA3",0
"RBFOX1",1
"ADAM11",1
"CYP27A1",4
"CCDC184",3
"PSMB8",4
"RYR2",2
"PSD3",2
"RGCC",3
"ARMCX2",1
"ADGRF5",2
"RBM4B",1
"APCDD1",2
"TTL",1
"ZDHHC9",2
"KCNAB1",1
"ANAPC15",1
"BRK1",3
"DNAJC19",1
"PLOD3",4
"SNTB2",2
"COQ8A",1
"APPL2",1
"JAZF1",3
"CIART",0
"LGALS8",1
"ZNF483",1
"LAMC1",1
"DENND4C",1
"SLX4IP",3
"ADAP1",2
"FGF12",3
"PTK2B",0
"DDX25",1
"LRP3",2
"C11orf74",1
"AGO2",3
"GAP43",2
"FAM167A",4
"IL13RA1",2
"STRN4",2
"PTTG1IP",4
"SF1",1
"HNRNPU",1
"PXYLP1",1
"HYKK",1
"KIF2A",1
"TBC1D32",3
"NKX2-2",3
"PRDX3",3
"IQSEC2",2
"NEGR1",3
"DNAJA1",1
"WSB1",3
"CNIH1",3
"ZC3H15",3
"CLASP2",3
"FLNB",1
"ITGB1",4
"GLTP",2
"MBD6",1
"SLC25A26",1
"TRIM23",3
"CDH22",2
"HN1",4
"SP1",1
"PRDX6",4
"HEY2",3
"STK3",4
"GALNT15",2
"FOXC1",4
"SP4",1
"ENPP5",1
"YES1",4
"TNNI3K",1
"EEF1G",2
"PLXDC2",2
"MRPS35",3
"GSTK1",2
"DOCK3",1
"PDGFRB",4
"ZNF652",3
"FAM49B",1
"SLAIN1",0
"ATP6V0C",3
"IARS",3
"CNR1",4
"TST",3
"CSF2RA",3
"AKAP8L",3
"GLRX3",3
"ZNF692",3
"HMGCLL1",3
"FAM129B",1
"IPO5",3
"XRCC2",1
"PWWP2B",1
"CNN3",3
"SEMA4D",2
"CACFD1",1
"ZNF557",3
"SMOC1",4
"APITD1-CORT",1
"AMY1A",1
"PLOD2",4
"ATP6V0D1",3
"SPRED1",2
"GALNT3",3
"CCNH",1
"ANKZF1",1
"DHDDS",2
"YPEL1",1
"SFMBT2",3
"DYNLL1",1
"SUB1",1
"TFG",0
"NDRG3",3
"DENND5B",4
"ANKRD44",3
"SLC1A4",4
"MTHFD1L",2
"SOX18",1
"DMD",3
"ID1",2
"VKORC1L1",1
"PKN2",3
"PABPC1L2B",3
"WDR7",1
"NRN1",3
"ELK1",3
"CAMK1D",1
"METRN",3
"PRPS1",3
"OXTR",4
"UBE2E3",3
"FKBP14",1
"CDH11",2
"ACTR10",3
"SPRED2",1
"ZSCAN31",3
"DNER",3
"GOT1",3
"C17orf75",0
"CYB5B",2
"PAQR4",2
"FAM69C",2
"TANC1",1
"TAX1BP3",2
"SH3GL3",1
"SERTAD4",1
"ZNF33B",2
"GNA12",4
"TCFL5",2
"RNF112",2
"SLC35A2",1
"HDAC1",2
"FAM217B",1
"EXTL2",3
"TGFBR2",2
"VCPKMT",3
"CMTM4",2
"PAN2",1
"ZNF423",1
"WARS",1
"RNF165",2
"RGMB",1
"MFSD6",1
"SREBF1",4
"CCBE1",3
"LYL1",2
"NRCAM",2
"CCDC6",1
"LYPD1",3
"NFU1",3
"JPH3",2
"PSMD7",3
"SNHG5",4
"FBXO31",1
"GPR1",3
"ADAP2",2
"SSH3",1
"MYO5A",1
"PPP3CB",3
"CAMK2N2",2
"ACAA2",4
"DAGLA",1
"RCOR2",1
"ARID4B",1
"RPS23",2
"FAM63A",3
"SSBP4",1
"DCN",2
"OPA1",1
"SLF1",2
"SLC25A37",2
"CDH5",4
"NDUFB6",3
"GSKIP",1
"MYOZ3",1
"PPP6R1",2
"APOO",3
"RAB11FIP4",2
"MAEA",3
"NDST3",1
"MRPL21",3
"MLXIPL",3
"SHROOM4",3
"RILPL1",2
"ZRANB1",3
"RAD23B",3
"QSOX2",2
"CDK20",1
"PPP3R1",1
"SLC17A7",1
"ABCA2",4
"ARID3A",1
"LIN7C",1
"ITPK1",2
"CCNY",2
"LRP10",4
"SLC25A23",2
"LLGL1",4
"CCDC149",3
"MTX2",1
"MEAF6",3
"GPR68",4
"NKAIN4",4
"BRE",1
"MATN2",1
"CHRNA5",3
"HHATL",2
"GSDMB",1
"RELL2",3
"TCEAL1",3
"ZNF827",3
"TTC14",3
"EIF1B",3
"TUBB4B",1
"CAMK2G",1
"NCDN",2
"TNFRSF14",2
"COBLL1",2
"DDRGK1",1
"OAT",1
"PLD5",2
"RND3",1
"PPP1R2",3
"RNF130",2
"GAL3ST1",2
"ATP6V0E1",4
"PPM1K",3
"RAB3IP",1
"GPR22",3
"FCGRT",4
"CDKN2D",1
"PRRT3",1
"SLC12A2",2
"PSD2",3
"CYFIP1",1
"ASPHD2",4
"HS6ST2",3
"COL20A1",4
"LRRTM2",2
"SLC25A12",3
"GABARAPL1",1
"SLC24A3",2
"RGMA",2
"C12orf4",3
"RSBN1",1
"FLRT3",4
"HPCAL1",2
"SETBP1",3
"C11orf63",3
"GUK1",1
"DACH1",1
"BAMBI",2
"ARAP2",2
"ZNF274",2
"DLGAP4",2
"DDX46",2
"PLXNA3",1
"CNNM1",2
"XKR8",1
"RNF146",2
"CASP3",1
"PIAS4",1
"NKTR",1
"NAPRT",1
"VDAC1",3
"GSN",4
"COBL",2
"BAALC",2
"SMYD3",3
"GSG1L",3
"HIGD1B",2
"BTN2A1",2
"COPS8",1
"JMJD1C",2
"GPER1",2
"GLS2",4
"GRAMD4",2
"AP3S1",1
"TBL1X",4
"DHX36",3
"PIAS2",3
"EEF2K",1
"APMAP",2
"TM4SF18",2
"GDPD5",2
"MYOM1",3
"AHCYL2",2
"FAM229B",3
"CABLES1",2
"GSK3B",2
"WASH1",1
"RAB26",1
"LPP",3
"FXYD1",3
"CACHD1",4
"ERLEC1",1
"ZNF204P",3
"CAV1",2
"UQCRH",3
"NOL12",1
"USP47",1
"DOPEY2",1
"DYRK2",4
"ARMC8",3
"SSX2IP",3
"NDUFA10",3
"SDPR",2
"ESAM",2
"PTPRZ1",4
"MIS18BP1",2
"PRKACB",3
"SYNJ1",2
"RNF150",3
"RAB3IL1",2
"HNRNPA0",4
"CELF2",1
"TRAF3IP2",4
"P2RX7",2
"PPFIBP2",4
"ANXA5",4
"CDC40",1
"UQCRFS1",3
"ARHGAP1",2
"SLC35E1",1
"TACC1",2
"MICAL2",4
"NAP1L3",3
"SEMA3B",2
"DLL1",2
"CERS5",1
"DLG2",1
"CD68",3
"TIMP3",4
"KCNMB4",2
"LIN7B",3
"PATE2",3
"C1QTNF1",4
"SLC27A1",3
"ENPP4",1
"COX11",4
"FADS1",2
"RENBP",2
"FBLN1",3
"OPLAH",1
"IGDCC4",2
"MYO16",1
"PEG10",2
"SRRM4",1
"COMMD10",3
"GNA13",3
"RRP12",1
"ASTN1",1
"BMPR2",1
"FAM131A",1
"MMADHC",3
"CPLX2",0
"CHMP2B",3
"RYR1",1
"ACSS1",3
"TJAP1",3
"H2AFY2",2
"ITSN1",2
"SMAP1",3
"FAM181A",2
"ITGB5",1
"ADHFE1",2
"EPDR1",4
"SEPT7",2
"SPRYD7",3
"KHDRBS1",2
"NECAP1",3
"GPRC5B",4
"AKIRIN2",1
"REV1",2
"SSTR2",1
"PLIN5",3
"DESI2",2
"ITGAV",1
"LRRFIP1",3
"NETO2",3
"MIDN",3
"PPP1R35",2
"RIPK2",1
"BTF3L4",3
"PCF11",1
"ANXA11",2
"MPPED2",1
"SLC6A1",1
"ATP6V1B2",1
"ZNF385D",2
"SYBU",4
"PACSIN1",1
"CLIP1",2
"RIDA",2
"RANBP10",2
"ATP6V1D",1
"KAT2A",3
"TRAPPC2L",1
"DTNBP1",1
"RAP1GDS1",3
"NBEA",4
"BASP1",1
"RNF157",2
"SH3BGRL2",2
"YBX1",1
"PRKCD",3
"SLC9A5",1
"IL10",1
"HMP19",1
"SLC2A6",1
"BORCS7",1
"ANAPC16",1
"PKNOX2",1
"RSPH1",1
"HLA-F",3
"KIFAP3",1
"STRBP",3
"CNOT2",2
"SARS",3
"RHOC",4
"FLYWCH1",1
"CADM3",1
"EFS",4
"IPCEF1",1
"COLEC12",1
"BHLHE41",1
"ATP5F1",3
"PPP1R15A",2
"AHCY",1
"STAU2",1
"C14orf79",2
"CMSS1",3
"MKNK2",1
"FAM107A",3
"KRT222",3
"SLC25A4",3
"TXN",3
"CEP164",3
"AHSA2",2
"CES4A",3
"ME3",1
"CHST6",3
"SLC38A1",2
"SRPK2",3
"DENND6B",2
"AGK",3
"RMI1",1
"ISCU",1
"KMT2E",1
"CNOT9",3
"TICAM1",1
"DGCR5",1
"TSPAN4",1
"VPS35",3
"DNM3",2
"MGST3",1
"TMTC4",0
"ADIPOR2",2
"BLVRB",2
"CKS2",1
"RASSF6",4
"PER2",0
"SLC30A7",3
"USP11",1
"USP49",1
"NOS1AP",3
"MVB12B",4
"OLFM3",3
"PANK1",2
"ARHGAP20",1
"PRKCQ",1
"MID1",1
"GRIN1",2
"SEC61A2",1
"MZT1",3
"C1orf54",4
"HBEGF",1
"POLR2B",3
"HABP4",1
"FAM43B",1
"SEMA6C",1
"NUAK1",1
"KCNT1",1
"FIG4",1
"LGALS3BP",2
"FMC1",3
"HMG20B",4
"MCL1",3
"ELOVL2",3
"ATP6V1C1",1
"QPRT",2
"RNF38",4
"CYB5A",2
"PIR",2
"BOK",2
"CLOCK",4
"C12orf76",1
"SMS",3
"ELOVL1",2
"UQCRC2",3
"GTDC1",1
"NDUFAF7",3
"SHD",1
"CMBL",2
"ZMAT2",3
"CEP44",1
"C11orf49",1
"SYAP1",3
"BEND6",4
"NME1",1
"FBLN2",2
"FAM102B",1
"P4HA1",3
"NKIRAS1",3
"FAM173A",1
"ROBO3",4
"CTSO",2
"CEBPA",2
"ATP1A3",2
"SYNCRIP",1
"COX20",1
"SLC18B1",3
"PNMAL1",1
"RPL39L",1
"TYMS",1
"VAPA",1
"GNG10",3
"IMPDH1",2
"CYCS",3
"GYG2",0
"CEP95",1
"CHD8",3
"ACTA1",1
"YWHAG",1
"ZNF69",1
"REC8",1
"UTY",3
"IGDCC3",1
"AP2S1",1
"GNA11",1
"CERS2",4
"MYL5",1
"SCO2",3
"TMEM140",4
"C16orf45",1
"LOC606724",1
"IDI1",1
"ASAP3",2
"PKP4",2
"SLITRK3",1
"RBCK1",1
"TTYH1",4
"CCDC120",1
"NNT",1
"RPL22",2
"FAXC",3
"SNRK",2
"NAPB",3
"PLOD1",2
"HIST1H2BD",0
"FRZB",1
"GPX1",2
"FAM71E1",1
"DDAH1",2
"DNMT1",2
"CACNG2",2
"KNDC1",3
"RPS4Y2",3
"ZBED8",1
"SERP2",1
"LAP3",1
"ZNF532",1
"PFKP",1
"VPS37B",2
"INPPL1",4
"TUBGCP5",1
"HOOK1",1
"MED19",1
"GRIA2",2
"RBM4",2
"EXO5",3
"TARBP1",2
"NUDT10",1
"SUN2",2
"PREP",1
"CNDP2",2
"DOCK1",4
"PROS1",2
"DBNDD1",1
"EDNRB",3
"RPA3",3
"CRABP1",3
"DEK",2
"DRAM2",2
"PHAX",1
"CTNNA1",2
"IFI27L2",1
"GJB1",2
"HSPA8",3
"NAV1",2
"PPP2R2B",1
"CCDC50",2
"ATP6V1A",3
"HSPB11",3
"NEU4",2
"ATXN7L2",3
"AKAP6",1
"YPEL2",3
"JPH4",2
"PI4KA",1
"RNF24",2
"TGFA",0
"UGGT1",3
"ISCA1",3
"PDXK",2
"SERPING1",2
"SYN1",2
"PLEKHA5",1
"CXorf40B",3
"WDR61",3
"PPIL1",3
"ANKRD36B",2
"QKI",2
"PEX11B",3
"ALPP",3
"SLC6A12",2
"FOXQ1",2
"CENPJ",1
"LRRC37B",1
"MSRA",2
"MCM7",1
"FAM102A",2
"DNM1",2
"EPB41L3",3
"PARP4",2
"ASRGL1",2
"PHLDA1",2
"SLITRK4",4
"CHMP1B",1
"PNMA6A",1
"RBM14",1
"ATL1",1
"TM2D3",3
"TPM4",2
"NUDT18",1
"GRM3",2
"PITPNB",1
"MYO3B",3
"PPP1R1B",3
"SLX4",1
"ZNF33A",2
"TNRC6A",1
"PTRF",3
"FAM214A",2
"POU2F1",1
"PIGP",3
"CNNM3",1
"SCOC",3
"CNTNAP4",0
"ANKMY2",1
"ZNF264",3
"UGGT2",2
"USB1",2
"DLC1",4
"SERINC3",1
"HCN3",1
"LRRN3",1
"DNAL4",1
"MICAL1",3
"TCERG1L",1
"SORBS1",3
"ICMT",2
"COQ2",1
"SC5D",1
"B2M",2
"AMY2B",1
"UBE2G1",3
"PITHD1",3
"IAH1",1
"AGA",2
"RBM38",1
"GLDC",1
"FKRP",2
"JADE1",2
"HCP5",2
"LRRC1",4
"SOWAHC",2
"PSMA1",3
"BRINP1",1
"ANKDD1A",3
"RAPH1",1
"LDHA",3
"NIPA1",2
"NOTCH1",4
"OLA1",3
"STAG1",1
"PPP1R16B",2
"RRP7A",1
"HIST2H2AC",0
"MOB4",3
"SLC36A4",1
"GPM6B",2
"WSCD1",1
"ARID2",2
"TBCC",1
"EIF5A",0
"PDE1A",4
"SLC7A5",2
"RAD51C",3
"HECW2",2
"SPATS2L",1
"GRIA4",4
"KLF15",4
"SH3PXD2A",4
"PPP2R5A",2
"ELOVL5",4
"UBL4A",2
"ABCG4",2
"DPP9",3
"WDR41",0
"KAZN",1
"QDPR",2
"RHEB",1
"SLF2",3
"ATP6AP2",1
"ARPP19",2
"PHLDA3",2
"MYADM",1
"SLC39A14",0
"EPB41L1",1
"GSTA4",4
"RPS6KB2",1
"SPRY1",1
"KLF6",0
"MAP1S",1
"JUN",0
"WDR20",1
"ADARB2",2
"ZNF25",3
"SLC25A27",4
"FOCAD",3
"DMXL2",3
"BEX2",3
"DUSP28",1
"MAPRE1",4
"ERICH1",1
"VEZF1",1
"RAB22A",1
"DIP2B",1
"TTC32",2
"FAM84B",3
"RNF8",3
"MCMDC2",3
"REXO1",2
"AOC3",4
"PPP3CA",3
"DNALI1",3
"GSTM1",0
"RFX1",1
"FAM174B",1
"BTBD3",2
"APEH",1
"DNAJB14",2
"CCDC115",3
"UBA3",3
"OVGP1",3
"SLC22A23",2
"SUGT1",2
"PIP4K2C",1
"CCDC92",2
"CLTC",1
"CHPT1",2
"HNRNPA1P10",2
"MED10",1
"RDH13",1
"EMP3",1
"UXS1",4
"TXNL1",3
"ENY2",1
"IER3IP1",2
"C19orf70",1
"SPRY2",1
"TYW3",3
"FOXO4",4
"VAMP7",1
"MYT1L",1
"GNAI2",2
"MAPK1",1
"PCCB",1
"GPAT3",2
"EPS15",1
"SHANK2",1
"HSD17B14",1
"PCDHB10",1
"NDUFA12",3
"CDK10",4
"TUBB2B",3
"MRPL1",3
"SUN1",2
"IRS2",1
"SLC6A8",4
"ZSCAN9",2
"MARCKSL1",2
"NRSN2",1
"TAOK2",2
"SNAPC5",3
"SYPL1",2
"FAM134B",1
"XRN1",1
"RGS17",1
"CRYGS",1
"MTF2",1
"ZNF30",2
"SLC2A1",4
"CPNE3",3
"NUPR1",3
"VIPR1",2
"TRIP6",3
"SLC44A2",3
"COX6A1",1
"DHRS11",1
"KCNIP1",1
"LACTB2",1
"FOXJ2",1
"BTBD1",1
"LMO2",2
"SYMPK",4
"NUDT16",2
"EPM2AIP1",2
"SCD",2
"NAXE",1
"ERC1",1
"TMEM14B",3
"NUMA1",1
"DR1",4
"LMBR1",3
"CLTA",3
"INPP5E",0
"MYO9B",3
"ERBB2",3
"ATP2B1",1
"LOC401554",4
"JPH1",2
"INPP4B",3
"PTMA",2
"HSPE1",1
"CPLX1",1
"KCTD10",0
"RBM39",3
"HADHB",4
"COL16A1",3
"NAPG",4
"HMBOX1",3
"RCE1",1
"SPRYD3",1
"C1orf122",2
"MIR99AHG",4
"ARFGEF3",2
"SPRN",2
"SDHAF4",3
"KANSL1",1
"SCO1",1
"CYSTM1",2
"TARDBP",1
"EBNA1BP2",3
"STAT5B",1
"CDC14B",1
"ARNTL",1
"THOC7",1
"GPD1L",2
"SNX6",4
"LAMB1",4
"PDE4B",2
"NAB1",2
"SLC25A13",0
"TXNDC9",3
"SLC5A6",2
"DNAJC15",2
"NIPSNAP1",3
"CCT2",3
"TNPO1",3
"BEGAIN",2
"G6PD",2
"BACE1",1
"CSRP2",3
"STX10",3
"RRAS",2
"CCT7",4
"ABI2",1
"PHYHIP",3
"FBXO33",1
"SYNJ2BP",3
"PDSS1",2
"FAM234B",3
"PGRMC1",1
"IPO8",0
"C2orf47",3
"RNF141",2
"CHST3",4
"LANCL2",1
"ATP7B",1
"AHCYL1",3
"MCM8",1
"COX17",4
"ENOSF1",2
"SHC1",4
"METTL5",3
"LCMT1",3
"CCDC58",0
"SYT7",2
"ARHGEF37",3
"LYST",2
"RUNDC3A",1
"SMAP2",1
"DNASE1L1",1
"PMPCB",3
"SCARB1",2
"CRYZL1",3
"NCOA7",3
"PRR14",1
"RHOT2",1
"PNPLA6",2
"AMER2",3
"DNAJB5",0
"OXR1",1
"AHSA1",1
"PRUNE2",2
"PHLPP1",4
"IMP4",1
"GPI",1
"SCHIP1",1
"STARD3NL",3
"RAP1GAP",2
"ARHGAP33",2
"SIGIRR",2
"MTCH1",1
"ARPC4",1
"VRK3",2
"MCTP1",3
"GTF2H5",1
"C5orf30",2
"RPL21",2
"PARP8",3
"PPP1R1A",1
"SIRT1",1
"THYN1",3
"MFSD4A",3
"CEMIP",1
"FUK",1
"CXXC1",1
"COX5A",3
"KCNJ6",2
"CPQ",3
"HILPDA",4
"GOLGB1",3
"TFB2M",4
"ELAVL3",1
"FAIM2",2
"WIPI1",1
"HPF1",3
"CUEDC1",3
"CLEC14A",2
"RNF115",1
"C11orf1",1
"TPST1",1
"GDE1",1
"KCTD3",1
"LNX2",2
"PGK1",3
"KIF3B",3
"AQP11",3
"RASA1",1
"TBC1D13",2
"CREB3L2",2
"ACOT1",1
"ZNF821",1
"UBL7",1
"PCYOX1",2
"CCDC28B",2
"ZNF653",1
"SGIP1",1
"YWHAB",3
"PFKFB3",2
"DHCR24",1
"LRRC8D",1
"NDUFS4",3
"VARS2",3
"POFUT1",3
"SLITRK2",2
"ZDHHC3",3
"RAB6A",1
"NTPCR",1
"CLEC3B",2
"TUBG2",1
"MAPK3",2
"XK",3
"ZC3H12B",2
"SHPK",2
"VPS13D",1
"WFS1",4
"CCNL1",2
"F8A1",1
"CACNB3",1
"C1orf52",1
"CBFB",2
"TSPAN3",3
"RIMS4",2
"ACHE",2
"NASP",1
"MRPS21",3
"MAGED1",3
"METAP1",1
"PHF11",2
"MALSU1",3
"C10orf35",4
"OGFR",2
"TMEM69",3
"PARP14",4
"PRDM2",1
"GFPT1",1
"CENPT",1
"LRFN3",1
"CASD1",3
"ZNF226",1
"FXYD6",1
"ATP2B2",3
"SCN4B",0
"PTGES2",1
"CMC1",3
"LPCAT3",1
"WDR13",2
"NFE2L2",1
"NR2C1",2
"ADPRH",4
"ARHGEF3",1
"SLC12A5",4
"RAMP2",4
"DHCR7",2
"TNPO3",3
"CXorf40A",3
"TXNRD1",1
"FAM149A",1
"BRPF1",1
"RPUSD3",1
"EID1",3
"CA11",1
"NDUFAF6",3
"PPARGC1A",0
"TRAPPC2B",3
"MPPE1",2
"PAPOLA",3
"SEMA3E",3
"VAMP2",1
"TEK",2
"AASDHPPT",1
"ZER1",2
"NAA16",2
"FAM220A",4
"FAR1",1
"LUC7L3",1
"NEDD9",4
"KCNH2",2
"GLO1",1
"MRPL46",3
"STAM",3
"GATB",1
"KLHL32",2
"REEP5",1
"CCL20",4
"SV2B",1
"MRAS",2
"PLPP6",2
"FAM162A",1
"UBQLN4",2
"RRBP1",3
"TRIM47",4
"ILKAP",1
"HIVEP1",1
"FBXL7",4
"PINK1",1
"CABIN1",1
"PAXBP1",1
"HACD1",4
"LAMB2",3
"SLC39A3",1
"BAP1",2
"DNM1L",3
"DISP2",2
"FZD7",4
"FSD1",2
"ANKRD9",2
"CELF3",2
"MAN1C1",3
"RHBDF1",3
"SLC25A25",1
"UPRT",3
"PAFAH1B1",3
"OPCML",4
"ACTN4",2
"TRIOBP",4
"NUDT3",2
"NAB2",2
"FOXO1",2
"FAM161A",2
"ADCY1",3
"SYT4",2
"POP4",3
"RAVER2",1
"ZNF562",3
"H2AFZ",3
"HERC3",4
"PTGDS",4
"CCDC24",2
"PDE4D",3
"APOPT1",3
"SERPINB6",3
"BEX1",3
"SPATA5L1",2
"SEC61G",3
"PTPRM",3
"AP2M1",1
"CLK3",3
"DGCR8",1
"ZZZ3",2
"NLRP8",1
"DDX24",3
"STAG2",1
"RBM15",3
"LRRC20",1
"NME7",3
"DDR1",4
"SLCO3A1",4
"GLTSCR1L",1
"B4GALT2",4
"SLU7",3
"KIF25",2
"HYPK",1
"RPL23AP32",1
"PSMA5",3
"SH3GL2",4
"SLC22A5",1
"ADSS",1
"C4orf3",2
"RAB3B",1
"PLPPR2",2
"RBM12B",1
"ZNF682",3
"SRXN1",3
"ARPC5L",1
"XBP1",2
"ARHGAP39",2
"CHMP4B",1
"YPEL5",3
"GRK4",1
"ARPP21",2
"SGSH",2
"ZNF451",1
"FAM13A",0
"TFAP2A",3
"ENDOG",1
"MDP1",3
"SPINT2",3
"SNAPC4",3
"CAPNS1",1
"PGAP1",4
"GNL3L",3
"RNF19B",3
"DIRAS2",4
"DDX27",3
"GHITM",1
"VAPB",2
"TRNP1",3
"WASF2",4
"LRRCC1",2
"ANKRD28",2
"CAMK2D",1
"RUNDC1",1
"DIRAS1",1
"SPTSSA",2
"ST8SIA5",2
"DNAJB4",1
"ZNF248",1
"GLS",1
"TCEA3",0
"RAP1GAP2",3
"TAF10",2
"DNAJA4",1
"PCGF2",2
"C3orf18",2
"ARL16",1
"TAF7",4
"DCP2",1
"SLC6A15",3
"CLDND2",4
"ZNF34",1
"DENND6A",1
"COX7A2",3
"CD82",2
"ICA1",4
"HACL1",3
"SLC22A15",3
"ANP32B",3
"SPTBN2",3
"MRPS6",1
"SMAD4",1
"TPRG1L",1
"C1QTNF5",4
"RHOJ",4
"MRPL45",3
"CRAMP1",2
"LRRN2",2
"CTIF",2
"CNST",3
"HMGCR",2
"DUSP22",2
"EFEMP2",3
"C20orf24",3
"RIMS2",2
"RAB3A",1
"OSBPL2",1
"HIBCH",2
"DCLK2",2
"ZNF148",3
"FEN1",2
"GMNN",2
"CRCP",3
"ACTL6B",4
"VPS50",3
"FCRLB",1
"ZNF175",1
"ATP8B2",1
"PRKAB2",2
"PLEKHH3",1
"CLIP2",2
"ELF1",4
"SRSF7",3
"NDUFV1",4
"NHP2",3
"AKIRIN1",1
"DDX10",3
"ASPDH",2
"NIPBL",1
"SCN2A",1
"SHMT2",1
"DNASE2",2
"SH3GLB1",1
"SHISA5",2
"DMWD",3
"MDFI",4
"RAB34",3
"PDCD10",1
"PPA1",4
"FXYD5",4
"PPM1B",1
"NDUFAF4",3
"SLC8A2",2
"ITFG2",2
"R3HDM4",2
"ATXN3",3
"HYAL3",1
"CADM2",1
"RPL26L1",1
"DTNB",2
"GCA",1
"ST5",3
"DLD",3
"HNRNPK",4
"TP53BP1",1
"NSDHL",1
"ACVR1B",1
"SORCS3",1
"RYBP",2
"ST6GALNAC6",2
"ANKRA2",2
"CTDSP2",1
"AHI1",2
"TIMM13",4
"NME3",1
"NEO1",4
"EBLN2",3
"MYRIP",1
"NAT6",1
"TMED10P1",2
"ACSL3",1
"TMEM94",3
"BIN1",2
"PFDN4",1
"ZDHHC22",2
"ATG4B",3
"LHFPL1",4
"TMEM70",2
"ZNF277",1
"KLHDC8B",2
"CETN2",1
"RNF13",1
"ZNF573",1
"OGDH",3
"STMN2",4
"DMC1",3
"HDGFRP3",1
"PNKD",1
"CREB1",3
"ERP44",1
"DUSP12",2
"ICAM1",4
"RTN4R",2
"NSA2",3
"NOTCH3",4
"TIMM22",1
"LSR",4
"ABCB7",3
"ADAM19",2
"DIXDC1",2
"TMEM216",3
"PIGH",4
"KCTD13",2
"C15orf52",3
"ADGRB3",1
"ANKRD46",1
"KIAA2022",3
"TTC9C",3
"PPP2R2A",2
"FNBP4",2
"HSPA4L",3
"ATP5O",3
"LAGE3",1
"MPC2",3
"LYRM5",2
"GSE1",1
"ZNF540",3
"PCMT1",1
"PSIP1",2
"ZNF324",3
"DCXR",1
"UBE2E2",1
"RPAP2",1
"ASPH",4
"XRCC5",3
"TRIM3",2
"GPSM2",2
"ATP5J",3
"RAB40C",1
"TBC1D2B",1
"DCTD",2
"DECR1",4
"PLBD2",1
"HSF2",4
"AK3",4
"MNT",2
"PPP1R11",1
"PABPC1L2A",1
"HECA",1
"RNFT2",1
"CACNB2",3
"SLC25A43",1
"UBLCP1",1
"BCAS4",2
"CYP4X1",1
"LSS",3
"ETV5",1
"SLIRP",1
"RPS15A",2
"TMEM128",1
"HYLS1",4
"TOB1",3
"C6orf120",3
"PRELID1",1
"CBARP",4
"CHP1",1
"NUCKS1",3
"MRPL15",1
"SLC6A7",0
"CUL3",4
"COX7B",3
"SRM",2
"XKR4",1
"RPN2",4
"TTYH3",3
"ZNF789",2
"GPR137B",4
"MLLT6",3
"LSM14A",1
"DBI",1
"SLC12A9",1
"RAB5A",1
"FAM58A",1
"LYRM2",1
"CD83",4
"CYGB",2
"SUMO2",2
"ENKD1",1
"MRPS23",3
"DUSP3",2
"MRTO4",1
"C3orf58",1
"EBP",4
"PBX3",1
"CAB39",1
"EXOC6",1
"COPG2",2
"TRMT10C",3
"SCAND1",3
"SULF2",2
"MAPK6",2
"BHLHB9",3
"CERS6",3
"RARA",3
"RWDD1",4
"ZNF394",3
"BCAT2",1
"CACNB4",4
"LLPH",1
"TRIB2",0
"ATP5I",2
"TRIM17",2
"TRNT1",1
"NAALAD2",2
"FAM214B",4
"BCAR3",2
"NPTN",1
"OR7G2",4
"STAT2",3
"ATP5SL",1
"TNRC6B",3
"TMX4",1
"AOC4P",3
"KHDC1",3
"CTNNB1",2
"PPIH",3
"DNAH1",3
"ADCK2",1
"BRSK2",3
"EIF2A",2
"TECPR1",2
"EP300",1
"CCSER2",3
"SDHAF3",1
"CDK6",2
"NAA20",3
"NFAT5",2
"RPL26",2
"KCNJ10",2
"ATP13A2",2
"SYNDIG1",4
"PIM2",3
"CAT",2
"CDKN1B",2
"AGAP6",1
"NUDT9",3
"SLC29A2",1
"H1FX",2
"MTAP",2
"TMOD1",2
"PDXP",1
"FAM122B",3
"USP14",1
"CDC42BPB",2
"NEK3",2
"PLCD1",3
"VTI1B",1
"SRP19",1
"CDK19",3
"TOP3A",1
"GNG3",1
"WASL",1
"NDUFAF2",1
"MVP",3
"MFSD11",1
"FSHB",4
"FGGY",3
"C18orf32",1
"PPME1",1
"COA1",3
"PARVB",2
"WDR1",2
"RPS6KC1",1
"SECISBP2L",2
"SQLE",1
"COL9A1",2
"MOB3B",0
"NPAS3",4
"ARSD",1
"BTRC",1
"GFOD1",3
"TYK2",3
"NTAN1",1
"SIL1",2
"FAM219A",2
"SMC2",0
"PRRT2",1
"PRR7",1
"CD2BP2",1
"ATP13A1",2
"GOSR2",3
"HOXD13",3
"MLC1",3
"CARMIL2",2
"SHPRH",1
"SPIN2B",4
"CAMTA1",4
"FTL",2
"MYH10",2
"TTC31",1
"CD151",1
"PPP1R7",1
"ASGR1",2
"FGFR1OP2",1
"PEX19",1
"LMNB2",1
"GPR180",3
"EMC4",3
"ZDHHC8",3
"UNG",4
"PSMB5",3
"RPL12",2
"KLF9",2
"TXNDC17",1
"S100A6",2
"CRIPT",1
"PRMT1",3
"CCDC84",1
"ERF",2
"LRPAP1",1
"PGD",1
"GFPT2",1
"RUVBL2",3
"CYP51A1",2
"CYP2E1",3
"BSDC1",3
"TMX3",3
"MAFG",1
"MAU2",2
"HIF1A",1
"EIF4E3",1
"ACTL6A",3
"ACACA",2
"H3F3A",2
"BCAP31",2
"TDP1",4
"NR2F2",1
"PAPSS1",1
"FZD9",2
"ATN1",3
"PRRT1",3
"SDF2L1",2
"NT5DC2",1
"CXorf36",4
"ERP29",4
"GRK5",2
"CACYBP",3
"FMN2",1
"PTPRE",1
"NDUFAB1",3
"ACADVL",3
"TCEB1",3
"CTNND2",2
"TMEM42",1
"NDP",1
"WDR54",1
"ZFYVE26",1
"SRC",2
"TRMT11",2
"WWC3",1
"UQCRB",3
"SLC25A46",1
"FAHD1",1
"GYG1",2
"CERS1",2
"BSG",2
"PLK3",4
"NUP160",1
"ADCK1",1
"TKT",1
"ENOPH1",1
"MPHOSPH6",3
"CUL5",4
"CDC123",3
"OPTN",1
"LIFR",4
"TUSC2",1
"SMIM11A",3
"CHCHD10",2
"SDC2",1
"NFIB",1
"MRPL33",3
"SNRNP70",1
"SNRPD3",4
"NFE2L1",2
"EPB41L5",1
"LEMD2",1
"MRPS28",3
"NDUFA11",3
"NUDCD3",2
"RPL9",2
"CORO7",2
"DFFA",3
"DLK2",3
"RPS21",3
"DDT",1
"TMEM267",3
"DNPH1",2
"SLC6A11",1
"MFSD3",1
"UBE2N",3
"PIN1",1
"STMN4",1
"ACO2",1
"KBTBD7",2
"ATIC",2
"USP5",1
"ADAM15",3
"CHAMP1",2
"CTDSPL2",2
"RAB4A",3
"FOXJ1",4
"AK6",3
"DAGLB",2
"STOX2",3
"CD63",4
"SOCS2",1
"PLEKHA6",3
"IMPAD1",3
"CXXC5",1
"CXCL12",1
"GABARAPL2",3
"KLHL28",2
"ALDH3A2",2
"DCUN1D5",3
"NISCH",1
"C6orf1",1
"DST",1
"ZNF621",3
"ARHGEF25",3
"IQGAP1",2
"USP42",2
"ATP2A2",1
"CCDC90B",1
"SCPEP1",2
"IL17D",3
"PNPLA2",3
"VPS13B",1
"BOLA3",3
"ITGB1BP1",3
"KIAA0319",2
"C1orf61",4
"NACAP1",2
"NPDC1",4
"CREBRF",1
"MLEC",2
"IL10RB",3
"SRSF12",1
"DDX39B",1
"FANCG",1
"SOX4",1
"PAM",1
"SPRR1A",4
"RAB15",1
"HNRNPDL",2
"FOXO3",1
"GATM",1
"PRMT6",3
"FAM198B",2
"MAP3K12",1
"BLOC1S6",3
"DIRC2",2
"MAGEF1",3
"MRPL20",3
"ATOX1",2
"SLC6A9",4
"TNFRSF21",1
"GBA",1
"SSBP1",3
"BLVRA",3
"MRPL51",1
"SRPRA",1
"ANKRD13A",1
"CNOT7",3
"UST",2
"LCMT2",4
"MAP3K2",1
"THEM6",1
"SDCBP2",2
"NOXA1",0
"PRR4",1
"ACSL1",2
"LCLAT1",3
"MAP3K11",4
"ACOX2",3
"DCTN3",3
"CSAD",2
"RARRES2",4
"HBP1",1
"PPCS",1
"ANK3",2
"TIPRL",3
"TXN2",4
"SRRM2",1
"YWHAZ",1
"TSC22D3",2
"CASP2",1
"EEF1D",1
"POLR1D",2
"GAS8",3
"RNF41",3
"TRIP12",1
"IRF2BP2",2
"C14orf1",4
"CPEB2",1
"ACTN2",1
"CARM1",3
"SIRT2",2
"COPRS",3
"PRTFDC1",2
"SLC27A4",4
"SEMA3A",1
"PDK2",2
"DOPEY1",1
"MICU3",4
"RPL14",0
"UPF1",1
"C11orf84",4
"SIPA1L3",4
"TRA2A",1
"KAT14",1
"ELOVL6",2
"ZFAND2A",1
"TRPC5",4
"SURF1",1
"H3F3AP4",2
"CAP1",2
"PPARGC1B",1
"TMEM219",4
"BDNF",2
"UCHL3",3
"TICAM2",3
"KIAA0430",3
"BNIP3L",1
"HDAC5",3
"PPP1R14B",3
"DENND2A",4
"ENAH",2
"H1F0",1
"BCAN",4
"PHACTR4",1
"WRB",3
"BLOC1S1",2
"LASP1",2
"SLC35B1",1
"PGP",1
"ZSWIM4",2
"VCL",3
"BRAT1",1
"TAF4",1
"THAP10",2
"PPP1R13B",3
"PTPDC1",2
"SOX15",1
"ZNF593",1
"UPF3A",1
"GNE",2
"HMGB1",2
"ESYT1",2
"ZADH2",1
"DBP",2
"ACYP2",1
"KIAA1324L",3
"GPM6A",3
"MRPL47",1
"TAF1C",1
"FAM171A1",2
"SLC52A2",2
"NCOA5",1
"ZNF467",2
"IQSEC1",1
"ARL8B",1
"CHSY1",3
"TMCO5A",4
"DNM2",3
"SEPN1",3
"MAPK8IP2",1
"KIF1B",3
"ATP8B4",0
"RPAIN",3
"PELI3",1
"SLC16A14",4
"MEA1",1
"MORF4L1",3
"UTP4",1
"PSMB10",2
"RBM6",1
"NDUFB5",1
"CADPS",3
"N4BP2L2",2
"ADGRE5",2
"SLC28A1",4
"PLEKHO2",3
"CBX6",2
"CTSL",1
"HAPLN2",3
"DCUN1D4",2
"SETMAR",1
"FAM110B",2
"TRAK2",4
"TNK2",4
"ANKRD6",1
"ATP5L",3
"SPIN4",2
"TEF",3
"TMEM177",3
"ICA1L",4
"COPS5",3
"ZNF439",2
"DUSP19",3
"FJX1",1
"MRPL36",3
"PSMD12",1
"SDHAF1",2
"CCNC",3
"NECAP2",4
"METTL25",2
"PTCD2",3
"GALK2",3
"DLG3",1
"CRIP1",2
"ARL6IP1",1
"DAPP1",1
"SPEN",1
"PRKAG1",3
"TMEM246",3
"MRPL19",1
"BBS2",2
"FAM65A",2
"TTC38",3
"RAB9B",2
"RMI2",1
"PLCH1",3
"XPR1",2
"PSME4",1
"RND2",1
"SPCS1",1
"HIC2",3
"AFF3",2
"FSTL3",4
"PSMC4",3
"CEP68",3
"TBC1D23",2
"RPS6KA2",2
"USP16",2
"IRF2BPL",2
"SESN1",0
"EIF4B",2
"CCDC174",1
"EXOSC5",1
"UQCRQ",1
"C22orf39",1
"FAM206A",1
"CROCC",3
"MTMR2",1
"CHD4",3
"SZRD1",3
"GARNL3",2
"EPHX2",3
"ETFA",1
"FKBP4",2
"SBF1",2
"ZSWIM8",3
"TMED10",3
"ZSCAN16",2
"TRAP1",1
"PRKRIP1",1
"GEMIN2",3
"SNRNP40",2
"ZCCHC14",1
"B4GALT6",3
"SCRIB",3
"PICALM",2
"TADA1",3
"NET1",1
"ARL2",2
"MAGT1",1
"TEAD2",3
"NDUFA4L2",3
"ANKRD50",1
"CPSF1",3
"TRIM62",4
"SLC27A3",1
"STIP1",0
"NME4",3
"SLC9A1",2
"KIFC2",3
"PREX1",4
"CHKB",1
"ASB13",4
"SEPSECS",1
"UNC13A",1
"DCAF15",1
"MTPN",2
"FAM45A",1
"TMEM179B",4
"NRXN1",3
"NDUFS5",3
"BABAM1",1
"PTEN",2
"POP7",3
"HDAC4",1
"TBX21",4
"RPL34",3
"ANKRD33",2
"CTDSP1",3
"SMUG1",1
"IPO11",2
"EFNA4",4
"ADAMTSL2",3
"TRMT112",3
"DBNL",2
"SLC25A5",3
"CELF4",3
"SEMA4F",1
"EIF3L",2
"ZNF773",1
"MTFP1",2
"AGAP1",1
"TPK1",1
"PCNA",2
"KCTD1",1
"HYOU1",2
"CNTNAP1",1
"DNAJC30",1
"CTSB",2
"SPECC1L",1
"PURB",2
"ATP6V1E1",1
"ECHS1",2
"MTMR6",1
"RRM2B",1
"TBC1D3F",1
"FAM98A",2
"PLCG1",1
"NICN1",1
"KCNN2",2
"IFT57",2
"VGLL4",2
"ABTB1",1
"SEPT11",2
"IQCB1",3
"ZAK",0
"AIFM3",4
"RPL7",2
"THBS3",4
"SNURF",3
"C15orf59",2
"ZFAND1",4
"PNKP",1
"PACSIN2",1
"ZNF329",3
"B4GALT5",3
"MYDGF",1
"HERC1",1
"TBC1D20",1
"MFSD10",1
"GBE1",4
"EIF2AK2",4
"HSP90AB1",1
"OSBPL5",2
"DOCK9",3
"TIAF1",3
"LYPLAL1",1
"BMP7",4
"ZRSR2",3
"WDFY1",3
"FAM117B",3
"DERL1",2
"TSNAX",3
"RBFOX2",4
"MRPL39",3
"PSMA3",3
"TP53I13",4
"DYNC1LI1",3
"KLKB1",3
"COX6B1",3
"ANO6",4
"MED13L",1
"METTL3",2
"UPF3B",2
"CPD",2
"GNG11",3
"MAPK8IP1",2
"FBXO30",3
"SLBP",1
"FCHSD2",4
"JAM2",2
"TRIM11",1
"WDR19",1
"PPP5C",4
"PTGES3",3
"PLCL2",2
"CDS1",1
"NDUFS2",3
"GAL3ST4",4
"CARD19",2
"CTNNAL1",2
"RTN4IP1",1
"TLK1",2
"AFF4",2
"TPM3",1
"C12orf10",1
"KBTBD11",1
"RAD21",0
"MGLL",3
"PTTG2",1
"EFTUD2",2
"CCT8",3
"ABCB9",1
"EXTL3",2
"ST3GAL1",2
"GFER",4
"UBQLN1",3
"FAM111A",4
"ATP2B3",3
"PDHB",1
"DDX39A",1
"TNIK",2
"AP2A2",1
"PRKD1",2
"SEC61A1",3
"PSMD1",3
"CBR1",2
"SRRT",1
"OSBPL6",1
"INTS1",2
"RBBP5",4
"SLC35B2",0
"MYPOP",1
"C14orf119",4
"ACP2",3
"RNASEK",1
"FAM179B",2
"SMAD7",2
"PCDHB4",3
"POMGNT1",2
"FNDC4",1
"WDR48",2
"LGI4",3
"C1QBP",3
"KLHDC9",1
"SRD5A1",3
"RSRC1",3
"C1GALT1",2
"SVBP",4
"ANGEL1",2
"CDIP1",4
"GRIK1",0
"TNFRSF1B",4
"VLDLR",3
"GARS",1
"TMEM169",3
"SEPT12",4
"PMM1",1
"MRPL14",3
"SLC25A29",4
"VTA1",3
"BAIAP2",1
"AK4",3
"SLC39A1",3
"TRO",1
"MRPL18",1
"TRMT61B",3
"SUZ12",1
"COMT",3
"EIF4G3",2
"NMNAT3",2
"DTD1",3
"CBWD5",4
"ABCC5",1
"CRYL1",3
"SARM1",1
"IFNGR1",2
"ATG12",4
"RPS6KA4",1
"CLCN7",4
"AFAP1",3
"NEDD4L",3
"SLC30A9",1
"C12orf43",1
"KCNJ8",2
"RHNO1",1
"DYNLL2",3
"PCMTD2",2
"C19orf53",2
"RSPRY1",3
"CHST10",2
"CLYBL",3
"MARK3",2
"LAS1L",3
"PLXND1",4
"LDOC1L",1
"FOXRED2",2
"MAP7",3
"C7orf50",2
"LAMTOR2",1
"HPS6",3
"EIF1AX",4
"KIAA0513",4
"TIMM23",1
"DHRS13",1
"CD84",4
"EHD4",4
"KRT10",2
"SPIN1",1
"ENTPD6",1
"ASNSD1",4
"KCNK12",1
"TROVE2",3
"FAM222B",2
"GSTO1",1
"ZNF385A",2
"RPE",1
"FBXW7",1
"THUMPD2",2
"CTSZ",2
"PPP6R3",1
"NUP93",4
"CLN8",2
"CHCHD5",1
"NOP14",1
"ERCC5",3
"CBX4",1
"TTC17",1
"VCPIP1",1
"SNU13",3
"PTDSS1",1
"NFAM1",4
"SMTN",1
"HSP90B1",2
"NCAM1",1
"NDEL1",1
"LEMD3",1
"ZNF480",1
"GTF2A2",3
"PDHX",3
"RAB4B",1
"FTSJ1",3
"EXOSC10",2
"NDUFAF5",3
"DPM1",3
"MSANTD3",1
"ABCB10",2
"PLEC",2
"MED23",1
"MIF",1
"ST7",2
"SLC25A36",4
"C1orf74",2
"ELF2",1
"TRIM13",1
"SPOCK1",2
"HDAC6",1
"FUT11",4
"ABHD8",2
"SLC35G2",4
"LYPD6",1
"PCNT",2
"BBX",4
"SDHD",1
"RWDD2A",1
"LSAMP",0
"OSBPL8",2
"DCTPP1",3
"TUBGCP6",3
"UBXN2A",3
"MYCL",4
"DSTYK",4
"PFKL",2
"SCAMP5",1
"GSPT2",3
"HSPA1L",1
"FBXO42",3
"MGA",1
"HID1",1
"IQCK",2
"ABL1",4
"TRAPPC1",1
"ZNF385B",0
"SLC20A1",2
"ZNHIT3",3
"MYH9",2
"KMT2A",1
"CSMD2",2
"LY6E",1
"NR2F1",4
"PIGX",3
"HDAC11",2
"FDFT1",1
"PIK3R1",2
"FKBP1B",3
"RRAGA",3
"MRPL28",1
"TAF5",2
"KCMF1",3
"ZFYVE21",3
"RAMP1",2
"PSMB7",3
"MEIS3P1",2
"GNG7",2
"LMNA",4
"FPGS",4
"STK24",1
"ZNF585A",1
"RPS2",0
"FAIM",3
"HMGB2",2
"BTG2",3
"MPP5",2
"FRAT2",2
"SPG21",3
"OSBPL7",3
"JAG2",2
"RBBP7",1
"SERPINE2",2
"AKAP11",3
"GOLGA7",2
"FLOT2",2
"AKAP12",2
"TRIM52",1
"CARS",1
"FAM43A",0
"DNAJC10",2
"MOK",3
"CD59",2
"MPHOSPH8",1
"AP2B1",1
"SLC38A2",1
"COLEC11",3
"CCDC69",4
"HAUS7",2
"CISD1",3
"BCL7C",1
"NRIP3",1
"TMEM136",2
"C17orf47",4
"NGFR",4
"LEPR",4
"DIAPH1",3
"RNF113A",0
"ZNF428",1
"CDK2AP2",3
"NRXN2",1
"CHMP1A",2
"STX8",3
"MAP6",1
"NLGN1",1
"PRPSAP2",2
"MAPRE3",2
"DDX51",1
"SLC8B1",3
"NUP188",1
"NAV2",1
"ZNF346",1
"PPP2CA",1
"HARS",2
"GMDS",1
"CIAPIN1",3
"CENPB",4
"PSMG3",1
"RUNDC3B",1
"SPAG7",1
"PTH1R",3
"C5orf51",3
"CNOT1",1
"SLC39A11",2
"PRDX5",3
"RNASEH2B",1
"MAPK4",3
"CTSD",1
"CDK5RAP3",1
"ZBTB8A",1
"PER1",4
"PTK2",2
"TAMM41",3
"CHCHD1",3
"MCEE",4
"DEPTOR",2
"MAPT",1
"TYRO3",2
"PDDC1",3
"JADE2",0
"PHTF1",2
"CAPRIN2",2
"COLGALT2",2
"PIM3",2
"PDAP1",4
"PIK3C2B",2
"KANSL2",1
"ALDH9A1",3
"PABPN1",3
"CLPTM1",2
"CCDC28A",2
"PIGQ",2
"PAOX",2
"LNPK",2
"POMT2",3
"COPG1",1
"TUBB",4
"BAD",1
"RGS19",1
"SDCBP",1
"MANSC1",1
"STAT3",3
"TSC22D2",4
"NDFIP1",1
"CAPN5",2
"LRP1B",1
"ESD",3
"ATXN1",1
"CORO2B",2
"C22orf29",4
"PSMB2",1
"RABEPK",1
"UBE2M",2
"PSMD14",3
"CKAP2",2
"MECP2",2
"UBE2L6",4
"CIC",1
"HELZ",1
"GGA2",1
"TUSC1",3
"SEH1L",1
"SRSF6",1
"PIK3IP1",3
"SPATA7",4
"SNAP47",1
"COLGALT1",1
"ANKRD12",1
"FARSA",1
"RPL13A",1
"SAR1A",3
"PABPC1",1
"DSE",2
"ING2",4
"RAPGEF1",4
"SLC2A8",1
"ACO1",3
"HIF1AN",2
"HNRNPA1P33",2
"DYNLRB1",3
"PAFAH1B3",1
"PDZD4",2
"CRLS1",3
"FNTB",3
"ANKRD13C",3
"MARCH7",2
"POLE3",2
"STK4",2
"GSS",1
"GOT2",1
"PSMA4",3
"AZIN2",1
"RPS9",0
"ST3GAL6",2
"INSR",4
"SLC46A3",1
"SETDB1",1
"MAN1A1",3
"TTC33",4
"NDUFA3",1
"LILRB1",3
"TMED5",2
"GMPR2",1
"MRPS17",3
"ZNF239",3
"JKAMP",3
"TRIM4",1
"SNRNP25",1
"PARD6A",2
"CELF6",3
"SIDT1",4
"SRI",2
"TMEM60",1
"MARK4",4
"MTMR3",1
"ARFIP2",4
"ZFP14",1
"TMEM59L",1
"BCAR1",1
"GPC1",2
"PNPO",2
"ZNF800",2
"SPATA2",1
"SAFB2",1
"HS2ST1",1
"MBLAC2",3
"EEF1B2",3
"STRAP",1
"POLR3H",1
"IDNK",2
"TRIM41",2
"NUDT2",1
"ATP6AP1L",3
"ATM",2
"NOL7",3
"FIBP",1
"MRPL54",3
"DOK4",2
"KLHL21",2
"DNAJB2",4
"PHLPP2",3
"C14orf166",3
"ZMIZ2",2
"IGSF8",2
"RGN",1
"ALDH1A2",0
"OGT",2
"ACTR1A",2
"GRPEL2",2
"UGDH",1
"CREG1",1
"TMEM203",3
"NPTX1",2
"ADD3",3
"DLG4",1
"MZF1",1
"LAMTOR1",1
"UBR5",3
"CCDC88A",2
"BSN",2
"NMRK1",2
"EIF3E",1
"RNMT",1
"PHF21A",3
"YTHDC1",1
"ATG101",1
"TATDN1",3
"TTC19",4
"LONP2",3
"AVPI1",1
"NRAS",2
"SHOC2",3
"TMBIM4",2
"ATP2C1",3
"ETV2",4
"ENO2",4
"GTF2H4",4
"EXOSC6",3
"EPB41",4
"YPEL4",2
"AP3B1",2
"IPO13",2
"SRA1",2
"ECHDC1",1
"AKT1",3
"FGD1",2
"AKTIP",1
"NONO",2
"RABGAP1",2
"PEX16",1
"COX5B",1
"IKZF4",3
"TRIM46",1
"PDCD6",3
"GNL3",3
"RPRD2",1
"ASH2L",3
"NOP10",3
"MTO1",4
"SIRT4",2
"KLHL12",1
"YIPF5",3
"ZBTB21",1
"FASTKD5",4
"RAF1",1
"ADCY6",3
"LPCAT4",4
"DFNA5",0
"ETNK2",1
"ZNF641",3
"PDPR",1
"DICER1",3
"NCK1",2
"SHFM1",1
"ANKS1A",2
"HIGD1A",2
"ZCCHC11",2
"SPIRE2",1
"KLHDC8A",1
"MFSD1",0
"TLE4",0
"TMEM198",1
"ARL1",1
"TM7SF3",2
"TCF4",1
"FKBP8",2
"NUDT5",2
"DPY30",1
"S100PBP",1
"LIMCH1",4
"SLC25A22",2
"TMEM237",3
"SH3BP5L",0
"PRDX4",3
"PWP1",3
"GRIN2B",4
"ALKBH3",4
"PRC1",4
"NDUFB3",3
"SDCCAG3",1
"PIGZ",2
"FBXL15",3
"DCAKD",4
"AGPAT1",1
"ASF1A",1
"PIGT",3
"SAE1",1
"NRBP2",4
"ARHGAP22",0
"OXSR1",1
"MRPL50",1
"CAMKMT",3
"ANO8",3
"MAST1",3
"LILRA4",4
"TRMT5",2
"C12orf57",3
"PLPP2",4
"ARMC7",2
"EPB41L4B",1
"CEP170B",1
"NINJ1",2
"CCNO",1
"NFIL3",2
"UBXN11",2
"RNF219",2
"CSPG4",4
"LPCAT1",3
"SBDSP1",3
"TRPV1",4
"MXD1",1
"FASTKD2",3
"CLEC11A",2
"HMGA1",1
"PIH1D1",3
"CHKA",2
"NGDN",2
"EFNB2",1
"ZNF609",3
"ALAD",2
"SFT2D1",1
"NSL1",3
"FUNDC1",3
"FAM13B",4
"TMED9",1
"CCNF",1
"RSRP1",3
"AGGF1",3
"CIDECP",1
"CYTH2",1
"YIPF1",2
"IMMT",1
"HTR2A",2
"NDUFB2",3
"CASC4",3
"PQLC1",1
"CCDC167",1
"PFDN1",1
"MTIF2",1
"TUBG1",1
"GMEB1",1
"LRRC49",4
"ACAD11",3
"KCTD9",1
"PLPP1",1
"RBPJ",3
"PTS",1
"PANK2",3
"CSTB",2
"H2AFJ",4
"KDSR",3
"CSNK1G3",4
"PPP1R10",3
"TCTEX1D1",4
"SSR2",3
"CSNK1G2",3
"TMEM218",1
"MAT2A",3
"P4HTM",2
"TMEM55A",4
"SLA",2
"NAV3",1
"GOLPH3L",0
"NDUFA8",1
"PDCD5",3
"MGMT",2
"CCDC66",2
"C5",3
"TSHZ1",1
"ST3GAL5",1
"ASCC2",3
"DGCR2",3
"OGDHL",2
"SNX4",3
"LARP4",3
"RNF181",1
"ADGRL3",1
"LY6G6C",4
"OTUB1",1
"UBE2L3",2
"RNF14",3
"HIVEP2",1
"SMARCAD1",2
"EIF3K",3
"TSFM",3
"ZNF500",1
"AXIN1",1
"PRMT8",1
"RB1CC1",1
"B4GALNT1",2
"EHD3",1
"JADE3",1
"TSEN15",1
"ITM2A",2
"SLC25A3",3
"ODF2",1
"KIAA0907",1
"KTN1",0
"PYGB",1
"PIGK",1
"PMPCA",4
"PANX2",3
"FUT6",3
"GNG4",1
"PTPN11",2
"IER2",4
"C19orf12",1
"FZD3",1
"GNAI3",2
"BECN1",3
"GNPDA1",1
"BIVM",2
"MAP3K9",4
"MYO18A",3
"NR3C2",2
"CSRNP2",3
"JAK1",4
"CBX7",2
"CGRRF1",2
"CAND2",1
"ZBED5",2
"FADS6",4
"DERA",0
"SFXN1",3
"NFKB1",1
"MRPL37",1
"CTSA",2
"SMDT1",1
"ISOC2",2
"FAM20B",3
"ATP5A1",3
"CKS1B",1
"VPS13A",3
"ZNF606",1
"CDH2",2
"SMARCC1",3
"CCDC53",1
"RIC3",3
"CDV3",1
"NOMO1",1
"SBDS",3
"GTF2B",3
"RHOB",2
"TOR1A",1
"COQ3",4
"GPC6",4
"SPOP",1
"ZSCAN32",1
"ZNF579",1
"VAT1",4
"ZNF672",1
"C3orf70",3
"BCKDK",2
"BBS7",1
"IQCG",1
"RAB23",3
"PNISR",2
"TSPAN14",2
"SKP2",3
"PPM1F",3
"CRLF3",2
"DDX28",2
"PLA2G4C",1
"METTL17",3
"ZNF680",3
"BET1",3
"FRMD4A",1
"CFAP20",1
"RPL23AP64",0
"ENOX2",1
"RFX5",4
"MAD2L1BP",3
"VPS25",3
"LYSMD2",3
"SPATA20",3
"MCM4",3
"SYT15",0
"ICOSLG",1
"BRWD1",1
"COMMD9",1
"BLCAP",2
"CREB3",4
"IDH3B",3
"TLN1",3
"PEX2",1
"PPIE",3
"ZC2HC1A",4
"FBXO7",2
"NUDCD2",1
"AP1S2",3
"C7orf25",1
"KMT5B",2
"PSMD10",3
"SRPRB",2
"CAMK2B",4
"CTCF",2
"SNX16",1
"MED16",2
"PDIK1L",2
"RIBC1",4
"TSPAN5",4
"FBXO2",2
"TXNDC15",4
"MED28",1
"MRPS16",2
"TVP23B",4
"PLGRKT",1
"CXXC4",2
"NMT1",2
"RUSC2",2
"FXR2",0
"IFRD1",0
"PRCP",1
"MRPS33",1
"PXMP4",3
"GRIN2A",1
"SELK",1
"SEC11C",3
"RAB11FIP1",0
"SSH2",2
"ZYX",1
"MAN2C1",3
"ZNF398",2
"ZNF425",3
"NKRF",1
"CISD2",4
"MESP1",1
"UBE2A",3
"N4BP1",1
"GRSF1",1
"RNF220",1
"GDF11",4
"TCEAL9",3
"DHRS4",2
"IFT27",1
"LKAAEAR1",1
"ACTR1B",1
"G6PC3",2
"ECI1",2
"HAGH",3
"KCTD6",1
"SNRPF",4
"PRNP",3
"TULP4",1
"KLHL20",2
"SAP30",2
"NGLY1",2
"DUSP2",2
"RNF128",2
"CRELD1",0
"NSUN5",1
"NDUFA1",4
"MARK1",1
"MANF",0
"CACNA1C",2
"TARS",2
"NAPEPLD",1
"MAPK11",2
"BPGM",3
"HINT2",1
"MAP4K5",3
"CBX3",2
"PGAP3",2
"ANTXR1",3
"PHACTR3",2
"ILF3",1
"DYNLT1",3
"ZFP37",1
"VEGFB",4
"TESK2",4
"AP3M2",1
"PRPF3",1
"AP1M1",2
"DNAJB6",3
"GLMP",1
"TCTA",2
"RASSF1",1
"ERMP1",4
"SCG5",1
"PTN",3
"ZNF791",2
"ZNF189",3
"MRI1",1
"ASMTL",3
"MAPRE2",1
"PITRM1",1
"RFC4",2
"FKBP11",2
"PEX14",1
"LMAN2L",1
"AK2",4
"LRRN1",1
"FAM89A",1
"PC",3
"PGAP2",2
"NEBL",1
"ULK1",3
"LRRC8A",1
"ATPAF1",2
"MLLT10",1
"CBR3",3
"DTX2",3
"HMGN2",2
"TUB",1
"NOA1",3
"ROM1",3
"AMER1",2
"RAB11FIP2",3
"MAN2A2",1
"PPP1R9A",1
"ELMO1",3
"DXO",2
"B3GALT6",1
"SLC22A17",1
"CRTAP",2
"OCRL",3
"SRSF8",3
"JOSD2",2
"SETD1A",3
"FAM234A",3
"DHX37",2
"DDX56",1
"TNC",4
"LYRM4",1
"GATSL3",4
"COMMD6",3
"COMMD3",2
"ACSL4",3
"B4GALNT4",3
"HNMT",3
"DDX1",3
"FAM104B",4
"SSBP3",2
"CLTB",3
"GET4",3
"KCNK10",1
"SLC11A2",4
"DYNC1I2",1
"UQCRC1",1
"RAB8B",2
"HEATR5B",3
"CHMP4A",2
"NAA38",3
"PXMP2",2
"GRN",1
"CCP110",1
"PACSIN3",4
"ZDHHC13",4
"ZNF280B",1
"ZFP30",2
"NRIP1",2
"ZNF160",1
"FKBP3",3
"ALKBH7",2
"NLGN3",2
"SLC2A3",1
"OSGIN2",3
"SH3PXD2B",3
"ARAF",1
"TPMT",4
"PDS5B",3
"AHCTF1",1
"PITPNM1",3
"TRAPPC4",3
"CLASP1",3
"SLC25A11",2
"UGCG",3
"JDP2",4
"MEPCE",1
"SARAF",1
"ADCY3",2
"SDF4",1
"TOMM40L",1
"HSD17B4",2
"ING1",3
"USPL1",2
"KLC1",3
"PRR15",4
"BCL7B",1
"NCAPH",4
"ZFP3",1
"C9orf40",1
"ARIH1",3
"SPOCK2",2
"TSPYL2",3
"COG2",1
"IRAK1",1
"FAAP20",0
"COL4A2",4
"GALNT16",3
"PITPNA",3
"MRPS15",1
"ULK3",1
"RARS2",1
"ITPK1-AS1",3
"SNRNP200",1
"DOHH",2
"HSPA13",2
"ITPA",1
"SRSF11",3
"ATP5S",1
"PUS1",2
"SPACA9",1
"ASB6",1
"MAST2",4
"ZNF136",1
"SEPT2",3
"MBNL2",2
"PROSER1",2
"NUP153",4
"ZNF614",1
"ASIC2",3
"SDSL",2
"HNRNPL",2
"CITED4",1
"TERF2",3
"GRHPR",1
"CAPS",3
"SLC7A6",1
"DHRS7B",1
"CEP131",1
"MGST2",0
"EAF1",3
"SLC7A8",2
"PYURF",1
"MTHFR",3
"CCDC77",2
"CHFR",1
"UFC1",1
"C11orf80",2
"AQP3",4
"COQ10A",2
"TMED2",3
"TRPS1",4
"RPL24",2
"ZNF529",1
"GUSB",1
"PTMS",2
"DIDO1",1
"C1GALT1C1",2
"GAS6",2
"ARPC2",1
"PDGFA",2
"ADAM17",3
"STARD3",4
"TMX1",3
"POLG",4
"EVI5L",1
"VPS41",2
"ACVR2A",2
"C2CD2L",1
"CWF19L2",1
"RCOR3",2
"MB21D2",4
"PPP1R12A",1
"ZDHHC17",4
"FEZ1",1
"FAM156A",2
"FAM120AOS",1
"NQO2",3
"TM2D2",4
"NIPAL3",1
"SLC25A44",1
"TMEM17",1
"TMCC2",1
"DDOST",1
"TMEM167A",3
"DKFZP586I1420",1
"VPS45",2
"TPM1",3
"KIF1BP",3
"IGSF21",2
"DEGS1",1
"TMBIM6",4
"CEP192",2
"BAX",0
"ABHD17B",0
"CTDSPL",1
"BTBD6",1
"KIAA0408",3
"GNAI1",1
"MGAT1",4
"UIMC1",1
"DVL2",1
"EVA1C",1
"TMEM230",3
"PCDHAC2",3
"VPS54",2
"VWA5A",2
"ZNF12",2
"DHDH",0
"COQ10B",1
"FAM50B",3
"ACIN1",1
"C7orf43",2
"ASB3",4
"KCNK3",2
"TBC1D24",2
"RGL1",2
"WDR83",2
"XKR6",1
"MAMLD1",1
"STXBP3",3
"CEBPG",1
"SLC35B4",2
"SNX24",1
"LARS2",2
"ARMCX1",1
"DNAJC5",3
"EI24",3
"ZCCHC17",1
"VSNL1",1
"FKBP2",0
"ANKRD34A",1
"AFAP1L2",2
"TSEN34",2
"PSMG2",4
"POMT1",2
"ZSCAN26",1
"SMG7",0
"EXT1",1
"MRPL48",4
"ACSS2",3
"WDR70",4
"LEF1",2
"HAGHL",0
"C2CD5",1
"VARS",2
"DCTN6",1
"PPP1R21",2
"SLC27A5",2
"FNBP1L",1
"SLTM",2
"KIAA0232",3
"UTP18",4
"RAB11FIP3",3
"ETFB",2
"ZNF330",1
"FASN",0
"TIA1",2
"TBC1D14",2
"APEX1",3
"NUP54",2
"SEC16A",3
"KIF5B",2
"PFKM",3
"SLC9B2",3
"TMEM189",2
"ZSCAN25",4
"PXK",0
"HLTF",2
"TMEM132A",2
"DUSP23",1
"CADM4",3
"SMARCA5",2
"MUSTN1",0
"ZNF770",2
"SUPT16H",2
"HEXB",1
"PTPN5",2
"PTRHD1",1
"CHPF",2
"EPN2",2
"CCT6A",3
"KIF21A",1
"BYSL",1
"ATP5H",3
"LRFN4",3
"TMEM165",2
"COX15",2
"TRAPPC5",1
"TMEM2",1
"DESI1",1
"TBPL1",1
"MSANTD2",3
"WDR6",3
"P2RY10",4
"RAD50",1
"YTHDF2",3
"SRP14",3
"TMEM8B",2
"HKR1",3
"TMEM9",2
"ERLIN1",4
"PPTC7",0
"ATMIN",2
"SOBP",1
"ARHGAP19",3
"IGFBPL1",4
"GON7",3
"CDR2",1
"GDI1",2
"KLHDC3",1
"USP1",1
"G3BP1",2
"MRPL17",1
"PFKFB4",1
"KATNBL1",1
"POMGNT2",4
"GPCPD1",3
"CEND1",1
"FLNA",4
"LIAS",1
"ATP11B",1
"LTA4H",1
"MECR",3
"ZNF395",3
"C1orf109",3
"RPRD1A",2
"TTPAL",1
"PTPRU",2
"PTDSS2",3
"HINFP",2
"LSM6",2
"MDH2",1
"PELI1",2
"PSMB3",1
"TMEM62",1
"TCF20",3
"KIAA2013",3
"MYLIP",1
"PRKCH",2
"UBR3",3
"MKNK1",3
"MKLN1",3
"PCBD1",0
"PROSC",1
"L1CAM",0
"SPPL2A",2
"FAM131B",0
"ANKRD35",4
"MRPL9",3
"DDAH2",4
"GPC2",4
"CAMSAP2",3
"CSNK2A2",1
"CNPY2",3
"CPT2",4
"DAD1",2
"MYO9A",0
"TMEM184B",2
"DCUN1D3",1
"UBR2",4
"MTHFS",2
"PRICKLE4",1
"MPP1",3
"FAAH",0
"TCEA1",2
"CLIP4",3
"IDH3A",1
"TBC1D10A",2
"GKAP1",2
"RPS4X",2
"WDR46",1
"NT5C2",3
"RAB2A",3
"HNRNPH3",1
"EPT1",4
"FBXO22",3
"FECH",0
"PLEKHB2",3
"SQSTM1",0
"KIAA0368",1
"BMP6",4
"NTMT1",1
"ELP4",1
"CHST2",4
"HMGN4",4
"RPS3",1
"WAC",2
"SPG20",1
"LRRC47",3
"PTPRG",4
"CLDN15",1
"TIMM8A",1
"CSNK2A1",1
"LOC399886",3
"PRELID3B",1
"SOD1",1
"STIM1",1
"SUPT4H1",3
"NARS2",4
"PPP1CB",4
"AGO1",1
"NOL6",3
"DRG1",3
"TAF2",2
"MAGEE1",1
"SLC4A1AP",3
"DCAF11",3
"FAM134A",4
"SKP1",3
"ANAPC13",3
"TMEM175",1
"BSCL2",1
"TWF2",3
"ZNF143",2
"EIF3F",3
"TMEM63B",2
"CBX5",1
"ST6GALNAC3",4
"SLC44A1",0
"TOMM70",3
"AP4B1",1
"M6PR",1
"C14orf28",1
"LAMP1",2
"PDLIM7",2
"TMEM141",1
"NECAB3",2
"C2orf49",1
"C19orf43",4
"PPARG",0
"MRPL41",2
"RNF5P1",3
"TMED7",2
"NFATC2IP",1
"PRRG4",3
"DGKQ",0
"ZNF526",1
"NPHP3",0
"HDDC3",1
"GPN2",1
"CSTF2T",3
"PPIL3",0
"PDCD2",1
"MEF2D",3
"ZFP2",2
"GALNT18",4
"C19orf66",2
"UQCC2",1
"PSPC1",3
"RIOK2",2
"SNX21",1
"UQCC1",1
"CPEB1",1
"ARF4",3
"CDH10",1
"NUMBL",4
"RCCD1",2
"ASIC1",1
"DDX41",1
"RPLP0",3
"LRWD1",2
"SPAG9",4
"RRM1",1
"ZNF430",3
"NELFA",3
"BCL9",1
"C8orf37",3
"SLC2A12",2
"FAM133A",1
"ZNF234",1
"CEP290",3
"PPARD",4
"USF1",3
"DDIT3",0
"GAMT",2
"MTPAP",1
"CEMP1",4
"TMEM55B",3
"MAP2K5",1
"PGM1",0
"PHF1",4
"ACRC",3
"NENF",2
"RECQL",3
"USO1",3
"UBE2G2",1
"NMD3",2
"SLC7A14",3
"GRB2",3
"GATAD2A",3
"KLHL42",1
"MAPK8IP3",0
"TOR1B",2
"HAUS4",3
"ZBTB48",1
"IREB2",1
"CLSTN1",1
"TRIM2",2
"UNC13B",2
"ACAT1",3
"EIF2AK1",2
"PAPD4",3
"ABCC6",4
"TRUB2",1
"INTS8",1
"NDUFA9",3
"KLC2",4
"SPOUT1",2
"HIP1R",4
"TAF1D",1
"NEIL2",1
"EIF4ENIF1",3
"TEX264",2
"GCN1",1
"CUTA",3
"HSCB",3
"ZFP82",1
"TMEM108",0
"VPS4B",2
"PSMD6",1
"ZNF471",3
"METTL1",2
"EFR3A",3
"DNAJC25",4
"SPG7",3
"ERO1A",1
"ISCA2",1
"USP10",3
"ZHX3",1
"LANCL1",1
"RSAD1",1
"CCM2",2
"SNRPB",2
"ERGIC1",1
"ACTR2",3
"IARS2",1
"CCDC130",1
"ZNF133",1
"ATXN10",3
"ECI2",2
"ZNF106",2
"ZFYVE16",3
"OSTM1",4
"LSM3",3
"ZNF334",2
"KLHL9",2
"USP8",4
"ZNF518B",2
"CRK",4
"IFT74",3
"TMEM208",1
"LRRC75B",1
"TSSC1",1
"PIK3CB",3
"MANBAL",1
"IDH1",3
"NEMF",2
"ZNF644",1
"SH3D19",1
"SPAG16",2
"USP37",1
"PLPP7",4
"P3H4",1
"KDELC2",1
"PCID2",2
"AASDH",2
"DSEL",3
"CDS2",3
"ASPSCR1",1
"FCHO2",1
"MYL12B",3
"ASIC3",1
"ZRANB2",1
"RPL30",2
"CTPS1",3
"ATG16L1",0
"COMMD2",0
"TRAM1",3
"TSEN2",2
"LRPPRC",4
"SENP2",2
"PTPN4",3
"ZBTB7A",4
"UBR7",1
"MAGOH",3
"MRPL24",1
"PRKAG2",1
"SMARCD3",2
"FOXRED1",2
"MZT2B",2
"MT3",2
"PSME1",2
"HIST1H4C",2
"ADGRL1",0
"ANKRD10",2
"CUL2",3
"RABEP1",1
"PQBP1",2
"SERTAD2",2
"RSPO3",2
"ZSCAN18",3
"BAK1",3
"AIMP2",1
"PEX10",2
"CDC7",2
"ZCCHC3",2
"NTM",1
"FYN",4
"CKLF",3
"NOL11",2
"RBM12",2
"WAPL",2
"NDUFA7",1
"PSME2",2
"CYB561D2",1
"GPX4",1
"FOXD4",2
"DCBLD2",1
"THOC1",1
"CDK13",1
"BRI3",2
"FAM196A",2
"PUM2",2
"ASNS",1
"SESTD1",3
"MRPL32",3
"MTMR11",3
"SNUPN",1
"VASH1",4
"SEC23B",3
"KLHL5",4
"REPIN1",1
"ZNF576",4
"LMF2",3
"UBAP2L",1
"PORCN",3
"KPNA3",1
"DNAJA2",2
"PELO",3
"SURF6",1
"AP3B2",3
"ADO",1
"ARMT1",3
"ZNF615",2
"RBM44",3
"VPS33B",3
"RPF1",1
"BTBD7",1
"SARS2",2
"RASIP1",0
"SLC38A5",4
"STK38L",0
"RCBTB2",1
"TMEM258",2
"STYXL1",1
"GLMN",3
"GMFB",2
"AP5S1",2
"TRMT1",2
"D2HGDH",3
"BDH1",2
"CCDC124",1
"ABHD2",4
"HMGN1",1
"XPO6",2
"MCOLN1",3
"C12orf45",1
"TMEM109",2
"PDCD2L",3
"MTX3",3
"DPP6",0
"RAE1",3
"MFN2",2
"RAB9A",0
"NDUFA13",1
"GNAO1",1
"FARS2",3
"NDUFAF1",1
"KMT2C",1
"AAMDC",0
"ANK2",3
"NADK2",2
"TXLNA",3
"URM1",2
"COX8A",3
"DPM2",1
"NABP2",1
"C18orf21",3
"KMT2B",3
"PNPLA8",2
"ZNF559",2
"MCM3",1
"POLR3A",3
"SALL3",2
"OSBP2",0
"MYCBP2",1
"PRKDC",2
"COX14",3
"ARHGAP44",1
"YBEY",0
"MARCKS",2
"SIRPA",2
"TTLL12",3
"RPS6KL1",2
"SLC25A1",4
"RMND5B",1
"CDK5RAP2",4
"MRPS9",3
"STK11",1
"C17orf58",3
"ABCA5",2
"MATR3",3
"TPD52L2",3
"WDSUB1",0
"ST3GAL3",2
"ZDHHC14",3
"ARPC1A",1
"SUOX",2
"GRB10",4
"CCDC136",0
"KXD1",2
"PHPT1",2
"ALDH5A1",1
"GCSH",2
"ZNF830",4
"ARFGEF1",3
"ZNF706",2
"FAM210B",1
"GRPEL1",3
"KLHL26",2
"GSTM4",1
"WDYHV1",4
"SH3YL1",4
"GDPD1",1
"PPP2R3C",1
"EIF5",3
"MTFR1",0
"LRBA",1
"CHIC2",1
"GPR137",2
"TMEM261",2
"CRY2",3
"RFXANK",2
"MTRR",0
"MGME1",3
"SCAP",3
"OSGEP",2
"ZBTB47",3
"GAA",2
"SNRPD1",3
"TRAPPC6A",4
"TIGD5",1
"TBCA",3
"RPL35A",2
"GNS",4
"ZBTB43",1
"DCHS1",4
"ZBED1",1
"MRPL12",3
"NR1H3",2
"BRSK1",2
"PIGV",2
"EIF2S3",2
"SEC61B",3
"CCND3",2
"ABCB6",3
"RPL13",1
"ANO10",2
"WDR91",2
"EDC4",3
"FBXL14",1
"NANS",3
"PCSK7",3
"PSEN2",4
"MAPK1IP1L",4
"GLOD4",1
"CHCHD7",3
"FAM160A2",1
"ICE2",3
"KIAA0556",2
"RBM26",4
"ACTR3B",1
"BRI3BP",4
"GTPBP6",4
"SRPK1",4
"DUSP18",2
"ZNF91",0
"SLC35C2",4
"SERP1",2
"TUFT1",2
"LSM4",1
"NAGLU",4
"SMCO4",2
"ATP6V0B",1
"C1orf35",1
